,Fecha,PM10,PM2.5,SO2,NO2,O3
0,2025-03-16,26.08478261,19.9273913,0.91434783,30.56782609,39.22304348
1,2025-03-15,35.63666667,24.4925,0.31041667,35.01541667,33.41208333
2,2025-03-14,42.50333333,28.2925,0.47875,45.48541667,27.73833333
3,2025-03-13,31.29083333,21.51,0.45666667,30.17733333,33.01458333
4,2025-03-12,24.94916667,17.46541667,0.7625,,35.92791667
5,2025-03-11,36.86958333,25.59666667,0.43125,,40.06434783
6,2025-03-10,32.01416667,21.88833333,0.50791667,,37.305
7,2025-03-09,30.2475,19.16666667,1.05208333,,37.59416667
8,2025-03-08,29.23833333,15.98375,1.0275,,30.47857143
9,2025-03-07,22.62833333,13.80166667,1.34956522,26.74705882,22.0
10,2025-03-06,24.5025,16.09208333,0.32333333,26.77666667,30.90166667
11,2025-03-05,28.60625,18.13708333,0.44291667,29.07208333,33.69125
12,2025-03-04,26.37208333,16.44791667,0.535,29.065,32.6225
13,2025-03-03,27.51375,16.89958333,0.44666667,26.12541667,37.01583333
14,2025-03-02,25.89291667,16.60666667,0.31916667,25.31583333,39.13
15,2025-03-01,28.54791667,16.33583333,0.56875,26.63666667,39.47083333
16,2025-02-28,23.36291667,14.6025,0.55208333,22.11208333,42.32166667
17,2025-02-27,18.77166667,12.19541667,1.36333333,23.475,39.96125
18,2025-02-26,15.47208333,8.80666667,0.30173913,23.97458333,33.57
19,2025-02-25,13.1525,6.72666667,0.915,27.26409091,26.31
20,2025-02-24,20.08041667,10.97833333,0.74583333,26.675,26.32208333
21,2025-02-23,21.80583333,14.03791667,0.84791667,25.50416667,22.51166667
22,2025-02-22,27.75416667,16.86625,1.00666667,31.04416667,22.01291667
23,2025-02-21,23.41333333,14.82208333,0.93291667,31.49416667,25.98916667
24,2025-02-20,31.45916667,15.48625,0.39666667,26.54083333,42.50875
25,2025-02-19,28.63833333,17.86333333,0.6525,29.22166667,37.22833333
26,2025-02-18,24.02333333,15.75708333,0.28458333,24.68708333,40.49625
27,2025-02-17,19.29583333,12.5625,1.12291667,24.20416667,49.90916667
28,2025-02-16,19.21958333,13.33833333,0.72791667,21.56916667,44.25208333
29,2025-02-15,16.99833333,12.35125,0.49333333,32.12708333,29.86125
30,2025-02-14,17.41208333,13.13208333,1.02166667,36.25,33.53666667
31,2025-02-13,24.9525,15.93083333,1.39545455,25.63181818,51.94291667
32,2025-02-12,26.66125,15.52458333,1.26625,29.55041667,43.15
33,2025-02-11,20.00041667,11.80208333,0.32956522,25.58181818,31.11708333
34,2025-02-10,19.41583333,13.43958333,0.62368421,35.39,26.04818182
35,2025-02-09,20.11166667,14.68666667,0.53772727,24.67272727,37.18043478
36,2025-02-08,21.50416667,15.17541667,0.48470588,27.99235294,40.271
37,2025-02-07,29.185,19.11958333,0.51333333,29.23833333,42.955
38,2025-02-06,30.71041667,19.06625,1.10916667,28.375,45.3375
39,2025-02-05,28.62,18.06791667,0.50375,24.655,46.33625
40,2025-02-04,30.30458333,17.14,2.34958333,26.82916667,51.43041667
41,2025-02-03,31.46833333,18.61291667,2.98083333,33.35541667,37.75041667
42,2025-02-02,25.73086957,16.63913043,0.76782609,21.77434783,49.24
43,2025-02-01,27.06791667,16.30458333,1.59166667,34.54708333,41.16875
44,2025-01-31,27.40791667,16.32625,1.32125,44.52666667,29.3575
45,2025-01-30,25.11125,15.8575,1.17541667,39.10083333,26.80375
46,2025-01-29,27.18208333,17.36625,3.08541667,30.9915,31.65375
47,2025-01-28,27.99166667,16.57416667,1.81090909,40.31875,25.38208333
48,2025-01-27,25.86291667,15.66583333,0.81416667,33.57333333,33.42875
49,2025-01-26,25.82541667,17.37916667,1.26666667,26.33541667,34.90041667
50,2025-01-25,31.31291667,18.64583333,1.04083333,38.97375,33.36958333
51,2025-01-24,30.76583333,17.89541667,1.68666667,43.62916667,38.55
52,2025-01-23,28.36833333,16.35625,0.96541667,41.695,36.55708333
53,2025-01-22,26.31041667,14.615,0.68208333,39.30708333,35.51875
54,2025-01-21,25.75291667,14.71125,0.94791667,39.5025,29.36458333
55,2025-01-20,26.89333333,14.8475,1.48652174,38.4873913,30.75958333
56,2025-01-19,20.44666667,11.95833333,0.94521739,27.82090909,35.55416667
57,2025-01-18,21.4175,11.38041667,1.1625,35.9825,30.96875
58,2025-01-17,22.73708333,12.38041667,1.88454545,39.74095238,26.71521739
59,2025-01-16,20.56833333,11.16625,1.0852381,33.78285714,30.20916667
60,2025-01-15,24.13333333,13.45291667,1.45416667,35.2625,28.75416667
61,2025-01-14,22.64458333,13.73791667,0.75875,35.08625,29.72041667
62,2025-01-13,22.21208333,13.46708333,2.55818182,33.34,21.93083333
63,2025-01-12,20.20666667,13.40916667,0.38041667,,31.1725
64,2025-01-11,22.09208333,13.33708333,0.48458333,39.88473684,39.11666667
65,2025-01-10,19.57833333,12.20125,0.55083333,21.83833333,38.78916667
66,2025-01-09,18.43533333,10.636,0.26,24.26375,42.873125
67,2025-01-07,14.51764706,6.92764706,0.4,,23.440625
68,2025-01-06,10.32875,5.57166667,0.26285714,,20.98318182
69,2025-01-05,10.20416667,6.94083333,0.71142857,,24.15285714
70,2025-01-04,17.1975,9.39208333,0.63583333,,21.27583333
71,2025-01-03,15.70291667,9.57291667,0.56217391,,16.43869565
72,2025-01-02,16.05708333,10.23458333,0.26,,20.43583333
73,2025-01-01,20.02416667,15.05041667,0.30809524,,29.2747619
74,2024-12-31,13.63478261,8.2,0.27954545,15.99227273,32.03909091
75,2024-12-30,12.03041667,7.15583333,0.28181818,21.27125,24.44304348
76,2024-12-29,12.59958333,7.04791667,1.3525,19.81166667,23.70458333
77,2024-12-28,15.47125,9.04708333,0.43541667,23.84541667,24.59416667
78,2024-12-27,11.84416667,6.95791667,0.81083333,23.42708333,24.49833333
79,2024-12-26,17.325,9.34625,0.32681818,26.18041667,22.21041667
80,2024-12-25,14.63208333,10.2575,0.64875,17.5275,26.60375
81,2024-12-24,12.12166667,7.49541667,1.21625,18.33666667,34.0075
82,2024-12-23,15.89125,10.22,0.46,24.515,23.89458333
83,2024-12-22,16.39,11.21291667,0.54625,23.16666667,25.22875
84,2024-12-21,21.16041667,13.11791667,0.37,28.82333333,23.99083333
85,2024-12-20,23.76541667,15.26666667,0.37375,29.21541667,26.50708333
86,2024-12-19,26.84833333,16.0825,0.65421053,31.53541667,29.85909091
87,2024-12-18,22.99583333,15.34375,0.37363636,38.57041667,29.71727273
88,2024-12-17,23.30708333,14.8325,0.395,32.15625,28.74166667
89,2024-12-16,15.60875,9.55458333,0.65666667,22.95916667,36.62375
90,2024-12-15,18.31875,9.69916667,0.37791667,22.47375,33.9175
91,2024-12-14,19.86458333,11.49166667,1.28875,25.10416667,35.60833333
92,2024-12-13,22.86916667,13.43375,1.1075,32.82777778,33.6175
93,2024-12-12,25.9325,15.17416667,0.96941176,35.31375,20.8525
94,2024-12-11,25.5,14.7125,1.5125,32.66791667,39.17541667
95,2024-12-10,23.54583333,13.53791667,1.65,35.43,33.61625
96,2024-12-09,23.08583333,13.12333333,1.24125,34.42166667,31.78625
97,2024-12-08,17.77666667,10.96291667,1.46791667,22.38291667,40.02708333
98,2024-12-07,18.74791667,10.94375,0.57666667,23.68916667,38.68375
99,2024-12-06,19.85722222,11.38055556,1.12166667,28.915,31.94777778
100,2024-12-05,19.35708333,10.99791667,0.98916667,31.26541667,27.58625
101,2024-12-04,19.955,11.03666667,1.12916667,26.73666667,27.46375
102,2024-12-03,19.63958333,11.34708333,1.28958333,26.60041667,26.71708333
103,2024-12-01,18.9365,11.703,,40.88,30.1495
104,2024-11-30,20.115,12.06833333,,29.37272727,26.41
105,2024-11-29,18.52791667,10.91416667,,29.72791667,20.33583333
106,2024-11-28,13.92333333,6.82791667,,29.15545455,26.64391304
107,2024-11-27,11.85291667,5.40909091,,34.84875,29.515
108,2024-11-26,16.77041667,9.048,,30.18375,25.16958333
109,2024-11-25,14.65625,7.05708333,,38.98,21.44
110,2024-11-24,12.27875,6.68166667,,23.03541667,22.87666667
111,2024-11-23,14.97875,8.02416667,,26.94916667,18.97541667
112,2024-11-22,14.65875,7.43708333,,28.01791667,18.37125
113,2024-11-21,11.74772727,5.60318182,,26.81409091,19.07727273
114,2024-11-20,9.47833333,4.49583333,,19.76416667,27.43708333
115,2024-11-19,15.20333333,7.72958333,,27.01708333,17.47458333
116,2024-11-18,11.22083333,6.05916667,,23.14666667,23.05652174
117,2024-11-17,12.60166667,8.11333333,0.41217391,20.975,20.11583333
118,2024-11-16,11.01291667,5.815,0.89541667,22.97166667,16.74208333
119,2024-11-15,11.52583333,6.14041667,0.77916667,21.15708333,18.49
120,2024-11-14,13.3375,7.08291667,1.25652174,30.80681818,11.51916667
121,2024-11-13,8.93666667,4.43875,0.91875,22.15041667,19.46708333
122,2024-11-12,9.6125,4.2,0.51416667,22.40791667,17.0475
123,2024-11-11,6.12363636,2.96636364,1.41772727,14.24954545,26.33045455
124,2024-11-10,7.94826087,4.31347826,0.32608696,15.88695652,17.83869565
125,2024-11-09,14.65833333,7.46416667,0.50416667,22.2175,28.90208333
126,2024-11-08,12.74083333,7.18958333,0.74625,26.28875,21.72833333
127,2024-11-07,10.68458333,5.94625,0.36818182,24.49958333,25.36782609
128,2024-11-06,11.57958333,5.90708333,0.93875,23.30541667,23.39625
129,2024-11-05,11.5725,5.53041667,0.6575,23.33416667,22.24
130,2024-11-04,8.68416667,4.3125,0.49333333,19.98541667,19.61791667
131,2024-11-03,16.67565217,10.48130435,1.09608696,17.18695652,27.61
132,2024-11-02,16.41166667,9.785,0.43166667,23.98666667,29.32041667
133,2024-11-01,16.20666667,8.93416667,0.53875,31.75916667,27.67125
134,2024-10-31,15.01041667,8.07583333,0.9173913,25.06043478,29.60826087
135,2024-10-30,20.73208333,11.69416667,0.57541667,35.09958333,27.42958333
136,2024-10-29,20.87916667,11.245,0.69916667,33.94333333,24.51791667
137,2024-10-28,18.35125,10.44708333,0.61083333,30.62583333,23.70208333
138,2024-10-27,19.28347826,12.20217391,0.36913043,29.19130435,24.65521739
139,2024-10-26,19.34916667,11.06166667,0.4525,30.43666667,33.39875
140,2024-10-25,15.78833333,9.02583333,1.05041667,29.51791667,33.31416667
141,2024-10-24,12.27375,6.98833333,0.805,23.5925,27.96458333
142,2024-10-23,12.35041667,6.67958333,0.3775,22.94083333,26.63875
143,2024-10-22,8.635,4.64375,0.27,22.19583333,29.7125
144,2024-10-21,13.69041667,7.45416667,0.46416667,19.55083333,35.04083333
145,2024-10-20,14.42304348,8.51434783,1.3473913,20.96913043,42.21826087
146,2024-10-19,21.54291667,12.46083333,0.59791667,31.04333333,33.65125
147,2024-10-18,21.51208333,12.50041667,0.525,33.07291667,35.81125
148,2024-10-17,17.21875,9.23666667,0.65818182,26.64863636,31.19272727
149,2024-10-16,15.12041667,6.31333333,1.14041667,24.65916667,40.66166667
150,2024-10-15,17.01041667,8.18291667,1.02208333,26.81583333,30.3375
151,2024-10-14,14.795,8.11208333,0.60083333,20.30041667,31.43
152,2024-10-13,18.04913043,11.35608696,0.59173913,26.50565217,26.0726087
153,2024-10-12,16.67083333,8.86916667,0.48416667,29.77375,31.32625
154,2024-10-11,12.45875,6.10458333,1.47041667,26.52791667,32.11083333
155,2024-10-10,10.72791667,5.84291667,0.40083333,23.01791667,24.04458333
156,2024-10-09,12.2625,6.05666667,1.01208333,23.98208333,35.6475
157,2024-10-08,15.89375,8.89541667,0.57708333,26.03541667,34.72083333
158,2024-10-07,13.76166667,8.18208333,0.27458333,23.05791667,30.76833333
159,2024-10-06,12.00434783,7.08913043,0.89521739,13.96,38.54304348
160,2024-10-05,12.93166667,6.59166667,0.8925,,32.38083333
161,2024-10-04,16.48375,9.43333333,0.86958333,,31.37708333
162,2024-10-03,13.07666667,6.5475,3.54304348,,35.08863636
163,2024-10-02,14.34375,7.945,0.30625,25.88,26.30041667
164,2024-10-01,14.67,7.70291667,0.34625,29.49791667,21.255
165,2024-09-30,12.715,6.76416667,0.31291667,26.31333333,23.06583333
166,2024-09-29,9.78043478,6.57695652,0.50608696,28.73,34.27869565
167,2024-09-28,12.20416667,7.3025,0.27416667,,30.51125
168,2024-09-27,17.21958333,8.46583333,0.58125,,32.98708333
169,2024-09-26,13.40083333,6.91416667,0.67208333,,26.39791667
170,2024-09-25,15.06916667,8.5475,0.46625,,28.185
171,2024-09-24,15.14833333,8.19166667,0.42833333,,26.38708333
172,2024-09-23,11.62958333,6.74333333,0.41,,37.4975
173,2024-09-22,12.28782609,7.95695652,0.81913043,19.49136364,38.04391304
174,2024-09-21,20.24875,14.57458333,0.315,32.17375,37.67791667
175,2024-09-20,17.49583333,11.16708333,1.12333333,29.25875,38.21041667
176,2024-09-19,19.34625,12.07375,3.66909091,41.63454545,23.565
177,2024-09-18,19.82458333,11.62041667,0.95083333,51.52583333,24.74291667
178,2024-09-17,16.1725,8.79583333,0.65083333,45.28916667,23.05958333
179,2024-09-16,14.36875,8.38583333,0.65363636,36.12458333,24.37347826
180,2024-09-15,14.79347826,9.44652174,0.77913043,31.11956522,30.43913043
181,2024-09-14,18.63,11.61041667,0.29541667,37.26083333,26.09083333
182,2024-09-13,25.06041667,17.54833333,0.54083333,43.69541667,26.67875
183,2024-09-12,21.95416667,13.71666667,1.15208333,42.44791667,29.98125
184,2024-09-11,24.74166667,15.88583333,1.08291667,46.7375,29.29125
185,2024-09-10,25.80708333,16.40708333,0.51375,44.16583333,28.86541667
186,2024-09-09,22.68875,14.3125,0.40916667,38.86875,32.50583333
187,2024-09-08,20.83434783,13.42217391,1.31521739,33.41652174,34.69347826
188,2024-09-07,17.64833333,8.72875,1.34583333,36.32333333,39.32
189,2024-09-06,23.71208333,16.68083333,0.81375,38.67333333,29.13708333
190,2024-09-05,23.18458333,17.26958333,1.51136364,28.155,25.70173913
191,2024-09-04,16.9225,11.21416667,1.55083333,23.82166667,34.08166667
192,2024-09-03,18.76208333,13.35666667,1.3875,25.485,42.66291667
193,2024-09-02,14.93916667,9.55208333,1.35083333,27.4975,32.68416667
194,2024-09-01,21.11782609,15.75434783,0.88521739,25.65043478,34.95
195,2024-08-31,23.21333333,15.8925,1.66958333,35.28416667,27.5925
196,2024-08-30,21.19125,13.7325,1.90333333,35.03458333,29.48833333
197,2024-08-29,22.515,13.10083333,1.61541667,39.4475,24.41625
198,2024-08-28,20.44708333,12.20375,1.42291667,37.67791667,26.07166667
199,2024-08-27,16.89875,9.85458333,0.79375,29.86541667,26.42416667
200,2024-08-26,15.71833333,8.72791667,0.29,32.8475,14.63666667
201,2024-08-25,14.38043478,8.59826087,0.27869565,26.47130435,20.3926087
202,2024-08-24,14.17541667,7.60541667,0.35541667,31.715,20.41833333
203,2024-08-23,16.42458333,8.88291667,0.3,32.253125,30.26
204,2024-08-22,16.97375,10.70791667,0.96136364,24.499,42.16086957
205,2024-08-21,23.00541667,15.05041667,1.82916667,31.20583333,35.12125
206,2024-08-20,25.69708333,16.48916667,0.71166667,33.58722222,27.79833333
207,2024-08-19,20.70708333,14.45458333,1.29958333,26.58958333,36.82416667
208,2024-08-18,18.19521739,11.77695652,0.95608696,26.08043478,37.51173913
209,2024-08-17,20.32208333,12.96083333,0.7075,30.3375,32.12958333
210,2024-08-16,23.94,15.50875,1.02,36.00291667,28.50333333
211,2024-08-15,17.07416667,10.48833333,0.87875,28.30705882,36.56
212,2024-08-14,13.67291667,7.22791667,0.58041667,30.37173913,27.21291667
213,2024-08-13,13.54291667,7.79166667,1.30125,25.58625,23.445
214,2024-08-12,14.5025,7.34916667,0.90708333,31.1675,25.11708333
215,2024-08-11,11.18086957,6.56913043,0.46304348,22.42695652,26.86869565
216,2024-08-10,15.11208333,8.44208333,1.36708333,30.33583333,22.17916667
217,2024-08-09,18.4025,12.15083333,0.2975,31.01208333,21.95291667
218,2024-08-08,15.77958333,9.69916667,1.46391304,33.40708333,21.90521739
219,2024-08-07,10.08541667,5.12,0.61875,31.59208333,29.76625
220,2024-08-06,15.01666667,8.14458333,1.14958333,30.60541667,24.36666667
221,2024-08-05,23.51583333,13.28708333,0.96208333,31.27416667,19.53916667
222,2024-08-04,17.81608696,10.71434783,0.80043478,31.91,31.35086957
223,2024-08-03,19.85041667,12.78458333,1.46625,,31.695
224,2024-08-02,17.22458333,10.53625,1.37625,26.87428571,35.23833333
225,2024-08-01,20.41583333,12.0025,1.56041667,33.41958333,27.97041667
226,2024-07-31,16.81416667,7.93583333,2.41916667,31.59208333,24.3875
227,2024-07-30,14.88708333,6.05041667,0.57541667,30.60541667,7.91416667
228,2024-07-29,14.96333333,7.00166667,0.485,31.27416667,21.27956522
229,2024-07-28,14.29695652,8.84782609,1.21043478,21.63086957,28.54956522
230,2024-07-27,16.76666667,9.43166667,1.45913043,34.54625,16.93173913
231,2024-07-26,15.66833333,9.02125,1.03181818,29.9075,26.72875
232,2024-07-25,19.04375,12.0375,0.38857143,29.47083333,23.47375
233,2024-07-24,19.18666667,11.09916667,1.90952381,30.6725,25.515
234,2024-07-23,19.83,11.49208333,1.2273913,30.76375,24.81416667
235,2024-07-22,16.20708333,9.63041667,1.9005,30.00071429,21.90380952
236,2024-07-21,14.80391304,9.52434783,1.65181818,,29.02869565
237,2024-07-20,13.37208333,7.75083333,1.43157895,,27.38608696
238,2024-07-19,15.02208333,8.29708333,0.71761905,26.87428571,15.56090909
239,2024-07-18,15.12083333,7.64583333,1.78666667,33.41958333,19.23636364
240,2024-07-17,12.45125,5.77916667,1.77818182,31.59208333,17.19458333
241,2024-07-16,12.58,6.00416667,1.7345,30.60541667,20.69875
242,2024-07-15,16.23791667,8.0775,0.9135,31.27416667,17.38173913
243,2024-07-14,19.8726087,11.5326087,1.27826087,26.47,32.41173913
244,2024-07-13,31.4975,16.63583333,1.80782609,32.46,27.69125
245,2024-07-12,31.0925,16.03541667,1.6325,38.14958333,19.50458333
246,2024-07-11,19.46625,10.00958333,3.25291667,28.89833333,31.77916667
247,2024-07-10,15.96375,8.53916667,1.64041667,32.98708333,27.92416667
248,2024-07-09,14.075,7.30625,1.36285714,28.75416667,23.73666667
249,2024-07-08,12.79375,6.37875,1.36428571,32.46083333,19.00833333
250,2024-07-07,11.62478261,6.28347826,1.50722222,21.99956522,22.86869565
251,2024-07-06,12.6675,6.63791667,1.559,25.155,20.2375
252,2024-07-05,12.47708333,6.12333333,1.76777778,28.98083333,11.52625
253,2024-07-04,9.56875,4.54,0.78130435,,21.88875
254,2024-07-03,11.3025,6.15958333,1.33608696,,19.69208333
255,2024-07-02,12.17958333,6.00958333,0.90045455,,21.82083333
256,2024-07-01,12.08208333,6.49166667,1.43875,,22.73791667
257,2024-06-30,16.34434783,9.12347826,1.18173913,21.72454545,21.50304348
258,2024-06-29,12.87125,6.8475,1.35636364,23.4325,23.91375
259,2024-06-28,13.23304348,6.92782609,0.549,25.48136364,14.04625
260,2024-06-27,13.33666667,6.80611111,0.72375,24.19,21.43722222
261,2024-06-26,14.94333333,7.02083333,1.3525,,16.15391304
262,2024-06-25,12.84125,6.42166667,0.83909091,,18.695
263,2024-06-24,10.89291667,5.28541667,1.24458333,,15.9625
264,2024-06-23,9.35086957,5.18347826,1.96095238,,22.06347826
265,2024-06-22,14.3225,7.6075,1.70166667,,23.07916667
266,2024-06-21,14.67458333,8.20958333,1.82454545,29.11933333,18.56708333
267,2024-06-20,11.5875,6.18875,1.48909091,32.55375,26.05166667
268,2024-06-19,10.96642857,5.13285714,3.465,23.98666667,33.19714286
269,2024-06-18,9.665,5.23,,29.19666667,40.95666667
270,2024-06-17,16.575,7.595,,18.32,41.585
271,2024-06-16,12.59652174,7.57956522,1.03157895,20.83913043,17.5945
272,2024-06-15,11.56833333,6.50875,1.54,32.47304348,21.659
273,2024-06-14,15.92708333,8.68708333,0.85125,33.53130435,18.20047619
274,2024-06-13,14.7325,7.27041667,0.950625,25.57304348,18.94545455
275,2024-06-12,14.23666667,7.2325,1.02555556,21.02190476,19.639
276,2024-06-11,11.80071429,5.81214286,,24.18785714,21.54692308
277,2024-06-10,13.5775,5.43,,43.21,5.345
278,2024-06-09,13.77304348,8.54304348,1.13875,31.76608696,20.54684211
279,2024-06-08,15.15583333,8.68583333,1.49214286,24.3325,21.25705882
280,2024-06-07,14.37833333,7.45458333,1.34615385,24.63208333,15.22294118
281,2024-06-06,10.94304348,5.54,4.28166667,19.48625,13.82421053
282,2024-06-05,15.03708333,7.91,0.63529412,23.96785714,15.71045455
283,2024-06-04,14.24941176,6.35941176,,27.43785714,18.138125
284,2024-06-01,9.22,3.1,0.56,14.3628,4.16
285,2024-05-31,17.39166667,9.50416667,0.58333333,28.70043478,13.21304348
286,2024-05-30,11.52083333,5.75,0.58571429,23.10652174,16.99166667
287,2024-05-29,9.7625,4.90416667,0.9173913,22.94186957,15.925
288,2024-05-28,10.22916667,4.35,0.475,23.37152381,30.01304348
289,2024-05-27,11.5,6.175,1.28181818,23.9358,26.17826087
290,2024-05-26,15.11304348,9.39130435,1.0625,20.28833333,19.99130435
291,2024-05-25,15.02083333,8.15,0.54285714,22.8666,16.30952381
292,2024-05-24,14.89166667,8.41666667,0.74705882,23.22561111,19.53636364
293,2024-05-23,14.61666667,7.6375,0.93125,22.31675,21.43157895
294,2024-05-22,12.5125,5.89166667,1.1,26.62121053,25.74090909
295,2024-05-21,14.9,7.94166667,2.06,22.21507692,17.28947368
296,2024-05-20,18.8125,9.12916667,0.7,29.774375,24.1875
297,2024-05-19,15.54782609,8.66086957,1.50434783,21.30704348,26.10434783
298,2024-05-18,17.94583333,9.5125,1.28636364,28.96620833,22.2875
299,2024-05-17,16.625,8.87916667,1.20416667,24.4535,25.65833333
300,2024-05-16,17.78333333,9.74583333,1.47916667,27.176375,25.1375
301,2024-05-15,15.28333333,8.1375,0.59444444,24.68795833,19.69166667
302,2024-05-14,13.525,6.27916667,1.725,29.02454167,22.425
303,2024-05-13,12.67916667,5.2625,1.0875,19.66266667,19.59583333
304,2024-05-12,14.74782609,7.35217391,,24.2786087,12.78695652
305,2024-05-11,15.125,6.9125,,25.735375,18.2625
306,2024-05-10,16.07083333,7.52083333,,24.49505263,19.82608696
307,2024-05-09,13.57916667,5.96666667,,25.15627273,13.51666667
308,2024-05-08,13.7875,6.925,,24.86905,17.14583333
309,2024-05-07,17.3375,8.15,,28.18152381,10.15454545
310,2024-05-06,14.425,6.4375,,22.6547,22.0375
311,2024-05-05,11.73913043,7.03913043,0.48571429,19.46152174,21.56521739
312,2024-05-04,10.99583333,6.68333333,0.85833333,28.270875,26.06666667
313,2024-05-03,15.40833333,8.30416667,0.85789474,25.267875,32.54583333
314,2024-05-02,12.44583333,7.2375,0.86521739,29.034375,31.4125
315,2024-05-01,18.2875,9.98333333,1.54583333,18.76425,36.17083333
316,2024-04-30,18.05294118,8.34117647,0.94,32.26364706,10.34117647
317,2024-04-29,9.88333333,5.42916667,1.05,24.14370833,27.97916667
318,2024-04-28,14.42173913,8.2826087,0.93181818,20.2923913,29.66086957
319,2024-04-27,15.1375,8.02083333,0.46428571,25.69483333,22.30833333
320,2024-04-26,18.75416667,10.14583333,0.89090909,35.11579167,23.1
321,2024-04-25,17.04583333,9.25,1.5375,35.22395833,27.8125
322,2024-04-24,14.62083333,8.06666667,0.4875,30.297625,29.60416667
323,2024-04-23,15.78888889,9.86666667,0.76666667,27.69675,46.73333333
324,2024-04-22,17.65714286,9.69047619,0.67142857,33.37352381,21.07619048
325,2024-04-21,12.77391304,7.72173913,0.86956522,24.36978261,34.75217391
326,2024-04-20,17.2625,9.95,0.99166667,28.21570833,43.25833333
327,2024-04-19,26.96666667,19.90416667,0.51666667,30.02141667,33.51666667
328,2024-04-18,38.20833333,29.4125,0.71363636,31.51466667,33.05
329,2024-04-17,43.75,33.49444444,2.2,29.81244444,43.80588235
330,2024-04-16,45.0625,32.68333333,1.05,23.62914286,50.04583333
331,2024-04-15,48.84583333,35.98333333,1.03636364,30.46525,48.6375
332,2024-04-14,51.3,39.27826087,1.43043478,27.06091304,56.60434783
333,2024-04-13,51.43333333,37.92083333,1.6875,34.15454167,62.14583333
334,2024-04-12,48.00833333,33.01666667,0.82105263,41.78245833,46.92916667
335,2024-04-11,42.65833333,29.75833333,1.10833333,36.51791667,48.3625
336,2024-04-10,32.71666667,20.87083333,1.62083333,36.87883333,47.60833333
337,2024-04-09,31.05833333,20.3875,1.37,34.46668182,32.75909091
338,2024-04-08,29.93333333,19.95,0.82916667,35.64491667,37.75416667
339,2024-04-07,25.10869565,18.24347826,0.88666667,28.34604348,42.91304348
340,2024-04-06,22.82916667,14.2375,0.62727273,38.97929167,31.55833333
341,2024-04-05,22.7,14.775,1.6875,33.17270833,23.90416667
342,2024-04-04,24.29166667,16.77083333,0.91304348,30.98816667,20.80416667
343,2024-04-03,27.52083333,20.05833333,0.70454545,31.52095455,23.2125
344,2024-04-02,27.8125,20.89583333,0.54210526,31.86595455,30.82916667
345,2024-04-01,28.0625,21.10416667,0.57777778,31.53768182,31.45416667
346,2024-03-31,26.74347826,21.8,0.56666667,20.92452174,47.5173913
347,2024-03-30,43.2875,34.29583333,1.06666667,16.40904167,65.69166667
348,2024-03-29,34.78333333,27.1625,1.11666667,10.61429167,67.425
349,2024-03-28,35.4375,26.47916667,0.87142857,19.6085,51.81666667
350,2024-03-27,36.20416667,25.6125,0.69583333,24.91275,48.3875
351,2024-03-26,27.8125,20.0125,0.65555556,22.22166667,50.42608696
352,2024-03-25,32.51666667,23.38333333,0.68095238,13.64641667,49.625
353,2024-03-24,35.51582609,27.13478261,0.72173913,17.94969565,52.2826087
354,2024-03-23,45.67941667,35.15,0.40666667,26.33683333,63.67916667
355,2024-03-22,33.93695833,24.45833333,0.58,33.382875,52.38333333
356,2024-03-21,20.57829167,15.2125,1.26363636,24.81672727,55.03043478
357,2024-03-20,37.25841667,27.40833333,1.18095238,28.41775,43.97083333
358,2024-03-19,43.10695833,33.12916667,0.73684211,33.99141667,40.1625
359,2024-03-18,34.67525,25.44583333,0.82727273,32.61133333,53.43333333
360,2024-03-17,39.22869565,30.97826087,1.35652174,22.21178261,54.69130435
361,2024-03-16,32.79166667,22.64166667,0.73043478,30.969125,49.36666667
362,2024-03-15,44.475,34.41666667,0.79047619,36.85579167,46.44166667
363,2024-03-14,42.63333333,33.61666667,0.87916667,30.46566667,55.18333333
364,2024-03-13,41.425,31.10416667,0.8047619,24.90158333,61.55833333
365,2024-03-12,39.92083333,29.8625,0.635,31.76429167,46.74583333
366,2024-03-11,38.075,29.19583333,0.66363636,26.720125,49.55416667
367,2024-03-10,35.74347826,28.37391304,0.91578947,27.68,51.50869565
368,2024-03-09,39.42083333,31.00833333,0.475,29.38258333,39.09583333
369,2024-03-08,43.04583333,34.06666667,0.50454545,30.671125,50.5375
370,2024-03-07,45.35833333,33.71666667,1.0826087,32.4165,47.59583333
371,2024-03-06,38.62916667,29.54166667,0.46470588,30.38204167,56.37083333
372,2024-03-05,35.3625,24.95,1.71363636,23.11509524,49.94761905
373,2024-03-04,35.28333333,25.05833333,1.43333333,24.87541667,61.8875
374,2024-03-03,39.16956522,28.09130435,1.57826087,20.29230435,60.12173913
375,2024-03-02,42.48333333,27.32083333,1.125,31.11079167,52.64583333
376,2024-03-01,43.93333333,28.06666667,1.46666667,33.12633333,52.10833333
377,2024-02-29,45.925,29.88333333,1.29166667,38.63445833,46.4
378,2024-02-28,44.45416667,29.9125,1.2375,35.17454167,43.08333333
379,2024-02-27,34.86666667,24.85,1.20833333,30.077625,47.9125
380,2024-02-26,30.46666667,22.1125,0.98333333,25.119,39.8375
381,2024-02-25,29.43333333,23.05,1.25416667,24.9995,40.82083333
382,2024-02-24,21.85416667,13.30833333,1.11666667,28.085875,37.55833333
383,2024-02-23,23.3375,13.20833333,1.11764706,30.83845833,27.4375
384,2024-02-22,16.7625,10.75,0.72727273,27.91766667,23.62083333
385,2024-02-21,23.30833333,16.09583333,1.17083333,21.83583333,41.07083333
386,2024-02-20,33.925,22.56666667,1.36521739,24.81173684,50.65833333
387,2024-02-19,31.03333333,19.56666667,0.64545455,23.44229167,40.49583333
388,2024-02-18,32.26666667,22.6875,0.64285714,23.79745833,42.05
389,2024-02-17,38.24166667,25.3625,0.77142857,36.97070833,37.04166667
390,2024-02-16,40.62083333,25.69583333,1.47916667,34.84383333,44.56666667
391,2024-02-15,35.37916667,21.125,1.95,38.58520833,42.95416667
392,2024-02-14,35.77083333,21.65833333,1.48333333,31.39633333,41.10416667
393,2024-02-13,29.42083333,18.2,1.72083333,29.68108333,45.40416667
394,2024-02-12,24.67916667,15.375,1.22083333,31.24820833,51.32916667
395,2024-02-11,19.01304348,11.54782609,0.88947368,29.9523913,36.32608696
396,2024-02-10,19.43333333,10.10833333,1.01363636,33.62433333,33.94583333
397,2024-02-09,16.19166667,9.72916667,0.77916667,28.88995833,23.1875
398,2024-02-08,9.28333333,5.8625,2.19090909,23.65595455,25.06086957
399,2024-02-07,11.31666667,6.925,1.05416667,21.41241667,26.91666667
400,2024-02-06,20.50416667,12.49583333,1.34166667,31.92045833,29.85416667
401,2024-02-05,22.225,13.8875,0.96153846,32.493,28.25833333
402,2024-02-04,16.73478261,10.96086957,0.61875,24.1346087,36.06956522
403,2024-02-03,17.41666667,11.96666667,0.7625,27.13891667,35.23333333
404,2024-02-02,26.49166667,18.73333333,0.75909091,25.92854167,31.94583333
405,2024-02-01,24.73333333,18.22083333,0.46,26.76795833,36.9625
406,2024-01-31,32.48333333,22.15416667,1.03636364,28.25595833,43.1375
407,2024-01-30,28.9,19.60416667,0.63333333,24.23466667,48.77916667
408,2024-01-29,35.0,22.0125,1.29166667,25.25734783,57.2375
409,2024-01-28,35.53478261,22.79565217,2.8,19.92952174,62.53913043
410,2024-01-27,42.35416667,25.61666667,,39.17191304,52.81304348
411,2024-01-26,43.44583333,26.89166667,,40.87954167,53.09583333
412,2024-01-25,36.75,22.39166667,,40.98225,50.31666667
413,2024-01-24,36.625,22.1875,,42.697125,43.38333333
414,2024-01-23,31.67083333,18.5375,,40.65683333,40.45416667
415,2024-01-22,30.07916667,18.2625,,36.66770833,35.73333333
416,2024-01-21,40.37826087,29.26086957,,30.33995652,40.34782609
417,2024-01-20,37.67916667,22.79583333,,36.27029167,40.85416667
418,2024-01-19,35.09166667,20.62916667,,38.00320833,42.35833333
419,2024-01-18,33.0375,18.82916667,,41.79013636,42.54347826
420,2024-01-17,32.96666667,19.29166667,,42.25895652,37.7375
421,2024-01-16,32.99166667,20.49166667,,37.11118182,35.86956522
422,2024-01-15,27.22083333,16.39166667,,34.00347368,39.33636364
423,2024-01-14,26.7,17.3826087,,20.65538095,39.70454545
424,2024-01-13,26.58333333,16.35833333,,25.043,34.1
425,2024-01-12,31.825,19.37916667,,28.99186364,38.87727273
426,2024-01-11,32.17916667,18.5375,,30.95872222,35.1
427,2024-01-10,29.92083333,17.9625,,33.77086364,41.73181818
428,2024-01-09,27.5125,15.85416667,,35.04840909,37.53478261
429,2024-01-08,23.85833333,14.44166667,,24.06957143,40.65652174
430,2024-01-07,25.9826087,16.33043478,,24.92361905,47.18571429
431,2024-01-06,22.7,13.70833333,,30.55531818,37.09545455
432,2024-01-05,23.04583333,13.4,,29.0692381,30.16086957
433,2024-01-04,18.82916667,10.10416667,,26.61390476,31.5173913
434,2024-01-03,19.00833333,9.58333333,,24.19885714,31.86956522
435,2024-01-02,16.7625,8.275,,20.12252381,24.62173913
436,2024-01-01,19.04166667,12.575,,12.64936364,32.5
437,2023-12-31,17.3,10.3,0.87727273,17.72991304,29.35652174
438,2023-12-30,19.6125,10.47083333,0.825,23.18175,25.68333333
439,2023-12-29,19.03333333,9.01666667,0.61666667,22.63983333,24.2125
440,2023-12-28,21.16666667,11.05,1.23333333,28.92995833,25.29166667
441,2023-12-27,16.8875,9.59583333,0.67916667,26.03283333,22.45833333
442,2023-12-26,16.12083333,9.6,0.30833333,25.14366667,18.175
443,2023-12-25,26.12083333,18.47916667,0.93333333,20.49808333,32.47916667
444,2023-12-24,24.67391304,16.1173913,0.84782609,24.55130435,34.16521739
445,2023-12-23,21.8,13.5125,0.90416667,31.136875,31.83333333
446,2023-12-22,21.25833333,12.30416667,1.09583333,33.33295833,27.925
447,2023-12-21,21.14166667,12.32916667,0.79166667,33.20775,23.09166667
448,2023-12-20,18.04583333,11.85833333,1.1875,28.37441667,22.07916667
449,2023-12-19,18.16666667,10.35833333,1.63636364,33.12722727,15.44347826
450,2023-12-18,13.39333333,8.85333333,0.7,26.22633333,28.43333333
451,2023-12-17,23.28,16.49,0.32,28.627,9.71
452,2023-12-16,24.39166667,16.60416667,0.9875,31.97766667,26.475
453,2023-12-15,33.12916667,19.62916667,1.4,38.75295833,18.40416667
454,2023-12-14,26.42083333,14.37916667,1.425,32.396625,39.9375
455,2023-12-13,23.80833333,12.4625,2.35416667,35.51045833,37.7
456,2023-12-12,24.60416667,13.04583333,1.4875,35.459,29.63333333
457,2023-12-11,21.9,12.475,1.04166667,31.69466667,32.95
458,2023-12-10,25.6826087,16.86086957,1.13043478,32.77726087,33.7826087
459,2023-12-09,24.22083333,14.54166667,0.9375,33.698,38.94166667
460,2023-12-08,29.61666667,19.475,1.94583333,29.41829167,33.25416667
461,2023-12-07,32.725,20.20416667,1.14583333,35.88566667,28.59166667
462,2023-12-06,29.2125,16.79583333,1.08333333,36.20225,32.7125
463,2023-12-05,30.125,16.18333333,0.88333333,27.40540909,28.5173913
464,2023-12-04,29.425,16.2125,0.80416667,28.05295833,23.16666667
465,2023-12-03,24.03043478,14.93913043,0.79130435,29.34978261,34.54782609
466,2023-12-02,27.9,15.64583333,1.4,37.96175,31.42083333
467,2023-12-01,25.12916667,14.36666667,0.7625,36.66641667,24.8
468,2023-11-30,24.52083333,13.8,0.8875,35.51525,25.725
469,2023-11-29,22.4125,12.40833333,0.96666667,37.34658333,23.94166667
470,2023-11-28,18.20833333,10.19583333,1.19583333,32.53995833,26.00416667
471,2023-11-27,16.96666667,9.67083333,1.34166667,31.268,22.85
472,2023-11-26,17.9173913,12.06956522,0.33913043,23.78243478,21.5173913
473,2023-11-25,18.75,10.67083333,1.84583333,26.76029167,23.5875
474,2023-11-24,20.21666667,10.24583333,0.43333333,30.98516667,13.9875
475,2023-11-23,14.1875,7.40833333,0.60833333,22.34329167,17.175
476,2023-11-22,15.11666667,8.84583333,0.45833333,24.36879167,13.86666667
477,2023-11-21,12.27916667,6.38333333,0.97142857,22.14963636,16.17083333
478,2023-11-20,10.96666667,5.15,0.41666667,25.1685,12.9125
479,2023-11-19,12.07391304,6.20869565,0.30869565,25.36817391,17.64347826
480,2023-11-18,10.225,5.52083333,0.7,28.48570833,29.78333333
481,2023-11-17,21.14166667,12.23333333,0.76666667,25.476625,29.55
482,2023-11-16,17.29166667,8.8125,0.34166667,29.30858333,26.87916667
483,2023-11-15,21.66666667,10.775,0.30833333,34.72358333,10.95833333
484,2023-11-14,19.4375,9.83333333,0.3,28.19541667,18.4625
485,2023-11-13,13.6625,7.95,0.50833333,20.370875,26.1
486,2023-11-12,15.64782609,8.52608696,0.53043478,24.66347826,24.61304348
487,2023-11-11,19.8,10.29583333,0.30416667,33.29766667,20.90833333
488,2023-11-10,23.025,12.62083333,0.38333333,33.72729167,23.575
489,2023-11-09,18.70833333,9.02083333,0.6125,33.18820833,21.67083333
490,2023-11-08,16.32916667,7.04166667,0.62916667,32.46433333,18.64583333
491,2023-11-07,14.04583333,6.2125,0.33043478,27.36852174,20.05
492,2023-11-06,12.79583333,6.15833333,0.80416667,19.49116667,21.2125
493,2023-11-05,11.7375,6.24166667,0.3,20.87416667,21.26666667
494,2023-11-04,10.45416667,5.34166667,0.38571429,21.892125,18.72083333
495,2023-11-03,12.09583333,6.0,1.025,25.66641667,22.14583333
496,2023-11-02,11.7125,4.925,0.59166667,27.701125,22.44166667
497,2023-11-01,13.27083333,5.91666667,0.52083333,28.82541667,14.45833333
498,2023-10-31,8.60833333,4.56666667,0.34782609,24.26991667,23.97916667
499,2023-10-30,10.1625,5.04166667,0.425,21.66666667,19.7125
500,2023-10-29,11.90416667,5.64583333,0.475,18.77179167,21.7375
501,2023-10-28,15.28333333,8.8,0.3,30.87083333,15.85833333
502,2023-10-27,9.98333333,5.525,0.4625,24.05783333,24.5
503,2023-10-26,10.57916667,4.69583333,1.60833333,24.3985,26.3
504,2023-10-25,11.94583333,5.64166667,0.9625,29.2965,26.85416667
505,2023-10-24,15.65833333,8.3,0.87142857,27.813375,24.57083333
506,2023-10-23,16.67916667,8.3875,0.73333333,30.22104167,23.1875
507,2023-10-22,16.15833333,9.5625,0.7,26.37645833,21.25
508,2023-10-21,12.9125,7.28333333,1.4875,25.13483333,28.31666667
509,2023-10-20,19.0875,11.73333333,0.675,37.089375,24.25416667
510,2023-10-19,17.50416667,9.4625,0.42083333,29.025125,37.75833333
511,2023-10-18,18.20833333,9.79166667,1.06666667,29.187375,31.55833333
512,2023-10-17,14.99166667,7.425,0.5375,32.5425,24.84166667
513,2023-10-16,10.9375,5.79166667,0.6125,19.73029167,28.02916667
514,2023-10-15,16.36666667,10.55833333,0.61666667,27.56941667,22.35833333
515,2023-10-14,19.875,10.70416667,1.16666667,31.156125,26.99583333
516,2023-10-13,20.34583333,10.675,1.4875,30.91670833,30.25
517,2023-10-12,21.98333333,12.94583333,1.03333333,30.52795833,31.22916667
518,2023-10-11,17.05416667,9.925,0.6375,33.56233333,27.2875
519,2023-10-10,14.7875,6.82083333,1.22857143,31.89216667,23.59166667
520,2023-10-09,12.9375,6.3375,0.31666667,26.86175,26.94166667
521,2023-10-08,11.17916667,6.35416667,0.87916667,19.50466667,26.12916667
522,2023-10-07,13.10416667,6.60833333,0.6375,28.21508333,30.875
523,2023-10-06,15.62916667,8.7625,0.8125,27.97333333,30.28333333
524,2023-10-05,12.45416667,7.475,1.33333333,27.412,35.99583333
525,2023-10-04,9.02916667,4.30416667,0.84583333,26.69941667,34.6125
526,2023-10-03,13.45833333,7.83333333,1.0625,24.24795833,33.975
527,2023-10-02,16.33333333,9.62916667,0.31666667,25.37854167,38.55833333
528,2023-10-01,17.725,10.30416667,0.77083333,23.62454167,33.55416667
529,2023-09-30,18.2125,9.6625,1.47083333,30.70091667,37.25
530,2023-09-29,15.58333333,7.7375,0.79166667,30.385875,23.91666667
531,2023-09-28,16.79166667,9.05,0.39583333,28.52025,27.09166667
532,2023-09-27,17.24583333,8.42916667,1.0375,31.87466667,24.96666667
533,2023-09-26,11.65,5.59166667,1.15,24.71522727,33.35416667
534,2023-09-25,15.825,8.8375,0.50416667,30.27708333,29.9125
535,2023-09-24,15.33333333,9.00416667,1.175,26.81425,36.50416667
536,2023-09-23,20.6,11.42083333,1.62916667,27.08333333,46.10833333
537,2023-09-22,24.53333333,13.82916667,0.86666667,35.03204167,29.8875
538,2023-09-21,26.7875,15.11666667,0.67083333,34.055875,35.47083333
539,2023-09-20,22.8,13.7875,0.86666667,33.59745833,33.82916667
540,2023-09-19,18.825,12.10416667,1.14583333,32.66295833,29.89583333
541,2023-09-18,15.65909091,9.68333333,0.98333333,28.41083333,29.39166667
542,2023-09-17,16.38333333,10.47826087,1.02173913,27.757,26.73043478
543,2023-09-16,18.80833333,11.45833333,0.9125,31.400375,27.6875
544,2023-09-15,18.20833333,10.85833333,0.86666667,30.74125,27.67083333
545,2023-09-14,18.20416667,10.53333333,0.7375,33.97308333,19.87916667
546,2023-09-13,16.95,9.65416667,1.02916667,30.80820833,26.3625
547,2023-09-12,15.05416667,7.65833333,0.6,29.82694737,15.3
548,2023-09-11,13.50833333,7.31666667,0.83333333,27.91041667,22.26666667
549,2023-09-10,12.84782609,8.89565217,0.56956522,23.59465217,29.73913043
550,2023-09-09,21.9625,12.5,0.4,34.59516667,27.5125
551,2023-09-08,23.97916667,13.49166667,0.7625,37.59183333,27.64583333
552,2023-09-07,20.24583333,11.13333333,0.39583333,33.5725,32.34166667
553,2023-09-06,19.625,10.475,0.325,33.51775,36.175
554,2023-09-05,16.56666667,8.84583333,0.68333333,31.52745833,29.25833333
555,2023-09-04,14.1,7.80833333,0.325,26.390125,27.91666667
556,2023-09-03,16.99565217,11.2,1.38695652,24.23186957,38.03478261
557,2023-09-02,24.2,14.125,0.4,31.14604167,32.23333333
558,2023-09-01,25.72916667,14.3,0.55,36.467625,34.41666667
559,2023-08-31,23.54583333,13.4125,1.12083333,38.370125,29.12083333
560,2023-08-30,21.56666667,11.81666667,0.76666667,32.59954167,33.94166667
561,2023-08-29,22.40416667,12.92083333,2.4875,33.19955,37.5
562,2023-08-28,20.1625,11.17916667,2.34583333,31.31125,32.3875
563,2023-08-27,17.76956522,10.87826087,2.14347826,24.69204348,35.73913043
564,2023-08-26,16.8875,9.8625,0.85833333,27.97045833,24.5625
565,2023-08-25,17.23333333,9.49166667,0.74583333,30.63570833,21.14583333
566,2023-08-24,13.4875,7.22083333,1.2625,23.23654167,25.71666667
567,2023-08-23,11.40833333,4.49583333,1.25416667,26.114125,24.11666667
568,2023-08-22,11.20416667,4.92916667,0.34583333,27.81316667,28.41666667
569,2023-08-21,13.975,7.375,1.45,17.362375,32.07083333
570,2023-08-20,14.79565217,8.91304348,2.22173913,17.60808696,35.79130435
571,2023-08-19,19.7625,11.8375,1.54583333,25.63066667,30.02083333
572,2023-08-18,16.57083333,8.50416667,0.60416667,29.718,22.075
573,2023-08-17,15.45,7.7375,1.69166667,31.62466667,28.5
574,2023-08-16,15.95833333,8.17083333,0.69166667,33.18245833,11.21764706
575,2023-08-15,19.62916667,10.84166667,1.17142857,28.41194444,14.25294118
576,2023-08-14,18.87916667,11.05,0.50833333,35.503,27.0625
577,2023-08-13,14.99130435,8.76086957,1.86521739,24.63878261,27.5826087
578,2023-08-12,17.475,9.77916667,1.73333333,31.575125,27.56666667
579,2023-08-11,19.15416667,10.60833333,1.95,34.69033333,27.8125
580,2023-08-10,20.77083333,10.61666667,2.11666667,34.64658333,26.14583333
581,2023-08-09,19.9,11.28333333,0.70833333,27.37791667,26.525
582,2023-08-08,18.07083333,10.3375,0.5875,28.37770833,21.125
583,2023-08-07,14.41666667,8.63333333,2.24166667,20.50370833,32.03333333
584,2023-08-06,19.73913043,12.98695652,1.65217391,26.01465217,34.59130435
585,2023-08-05,21.74583333,12.33333333,1.2375,31.32129167,26.35416667
586,2023-08-04,23.1,13.49166667,0.88333333,39.64458333,23.68333333
587,2023-08-03,18.93333333,10.28333333,1.72083333,29.62208333,33.75416667
588,2023-08-02,20.075,11.74583333,1.14782609,27.90125,30.25
589,2023-08-01,15.82083333,8.625,0.58571429,26.59552174,19.03043478
590,2023-07-31,11.96666667,5.6625,0.5125,24.568,22.1625
591,2023-07-30,15.09130435,9.23043478,0.56956522,24.334,31.12173913
592,2023-07-29,15.0,8.16666667,1.20833333,29.933375,28.9625
593,2023-07-28,17.55416667,8.95,1.35,33.87945833,18.60416667
594,2023-07-27,15.10416667,6.59166667,0.61666667,27.58983333,26.09166667
595,2023-07-26,15.55416667,8.92916667,1.12916667,23.90770833,27.8375
596,2023-07-25,18.4875,11.42916667,1.30416667,29.22145833,28.57083333
597,2023-07-24,17.3625,9.65833333,0.50833333,31.25308333,30.75
598,2023-07-23,14.40869565,8.46521739,1.25217391,24.47526087,31.49130435
599,2023-07-22,20.30416667,11.47916667,0.9875,28.65320833,23.42083333
600,2023-07-21,22.2,11.76666667,0.42083333,31.84741667,28.8875
601,2023-07-20,20.12916667,11.60833333,0.55416667,25.61704167,34.53333333
602,2023-07-19,17.45,8.51666667,0.6173913,29.02966667,24.15833333
603,2023-07-18,18.9875,9.99583333,0.3125,27.79168182,20.51304348
604,2023-07-17,16.0875,8.70833333,0.79166667,27.25579167,23.19166667
605,2023-07-16,17.7,11.35217391,1.0173913,22.02678261,26.21304348
606,2023-07-15,16.90833333,9.45416667,1.19166667,26.932125,30.53333333
607,2023-07-14,24.75217391,13.66956522,1.00869565,38.63221739,21.00434783
608,2023-07-13,16.425,7.77083333,2.00416667,27.01745833,34.50833333
609,2023-07-12,16.15,7.6875,1.3125,30.14620833,24.25833333
610,2023-07-11,18.55,9.12083333,0.475,36.26941667,17.65416667
611,2023-07-10,15.8375,8.00833333,0.78333333,30.191125,25.325
612,2023-07-09,11.85652174,6.74782609,3.36956522,19.09191304,25.66521739
613,2023-07-08,16.04583333,8.69583333,0.34583333,26.00591667,18.30833333
614,2023-07-07,13.0826087,7.29565217,0.74782609,17.43665217,27.06086957
615,2023-07-06,18.74166667,9.825,0.57083333,23.98754167,26.49583333
616,2023-07-05,16.80833333,9.49166667,1.72608696,23.80966667,24.6875
617,2023-07-04,13.59583333,7.55,1.125,28.19145833,25.10909091
618,2023-07-03,12.69166667,6.92916667,0.44166667,44.87725,
619,2023-07-02,12.8,6.90909091,3.46818182,46.50481818,
620,2023-07-01,16.35,9.71666667,0.58333333,53.055875,
621,2023-06-30,14.97916667,7.42916667,0.63333333,52.16333333,
622,2023-06-29,15.5962963,7.77407407,0.75555556,51.81744444,26.1
623,2023-06-28,13.5625,7.04583333,0.75,52.77383333,
624,2023-06-27,15.7375,7.92916667,0.54166667,44.39416667,
625,2023-06-26,13.45833333,6.91666667,0.75,55.93225,
626,2023-06-25,13.46086957,7.8826087,0.64347826,39.78526087,
627,2023-06-24,10.32916667,5.69166667,0.3375,52.56220833,
628,2023-06-23,17.24583333,8.44166667,0.38333333,47.020375,
629,2023-06-22,20.70416667,10.35,0.65833333,49.73204167,
630,2023-06-21,20.55833333,10.89166667,0.75416667,50.276125,
631,2023-06-20,20.44583333,9.92083333,0.92727273,39.04495,8.525
632,2023-06-19,12.51666667,6.675,1.15833333,20.93479167,26.37083333
633,2023-06-18,11.69565217,6.30869565,0.90434783,20.66065217,20.91304348
634,2023-06-17,15.97083333,8.95,0.60416667,30.48841667,16.225
635,2023-06-16,21.08333333,10.75,3.19583333,34.34804167,21.39583333
636,2023-06-15,15.22916667,7.18333333,0.8125,28.11408333,22.38333333
637,2023-06-14,18.69166667,10.13333333,1.88333333,29.83379167,26.72083333
638,2023-06-13,15.2375,8.1375,2.10416667,33.61745833,22.88333333
639,2023-06-12,13.75833333,7.55416667,1.20833333,21.61754167,19.675
640,2023-06-11,13.44347826,7.21304348,2.00434783,19.88021739,26.19565217
641,2023-06-10,14.4375,7.12083333,1.80416667,25.18608333,17.45416667
642,2023-06-09,18.34166667,9.725,1.3,27.36608333,21.0625
643,2023-06-08,14.025,7.3375,0.7875,33.84679167,14.71666667
644,2023-06-07,18.0625,8.91666667,1.4125,30.27008333,25.1
645,2023-06-06,14.53333333,6.9125,0.52380952,26.83743478,18.3375
646,2023-06-05,14.2625,6.92083333,1.125,25.09529167,21.12083333
647,2023-06-04,13.78695652,7.64782609,1.26521739,21.35434783,26.32173913
648,2023-06-03,17.49166667,8.975,0.97083333,26.80283333,23.5875
649,2023-06-02,20.25833333,9.6875,1.05,30.42325,16.57916667
650,2023-06-01,19.27083333,10.44583333,0.60833333,21.92695833,13.46666667
651,2023-05-31,12.82083333,5.8125,0.82083333,24.743375,21.52916667
652,2023-05-30,12.7,5.5625,0.99166667,23.55804167,16.95
653,2023-05-29,12.825,6.07916667,1.14583333,21.79858333,22.6375
654,2023-05-28,13.28695652,7.31304348,1.73478261,20.29330435,18.62608696
655,2023-05-27,12.0,6.1,1.57916667,24.532,21.34166667
656,2023-05-26,13.70833333,6.89166667,1.37916667,25.82108333,18.99583333
657,2023-05-25,13.7125,7.22916667,1.17916667,23.06458333,20.05833333
658,2023-05-24,15.19583333,7.11666667,1.03478261,23.83975,18.90833333
659,2023-05-23,15.7375,7.97916667,0.67777778,24.87921739,23.37916667
660,2023-05-22,8.32083333,4.4625,0.55,16.01941667,30.22916667
661,2023-05-21,13.58695652,9.02608696,0.7173913,15.52465217,36.02173913
662,2023-05-20,19.59583333,11.25833333,0.475,25.05179167,32.49166667
663,2023-05-19,16.4375,8.81666667,1.05,25.96279167,35.72916667
664,2023-05-18,12.49583333,5.92916667,1.0625,23.59229167,32.09583333
665,2023-05-17,13.89166667,7.88333333,0.5,17.79745833,27.15833333
666,2023-05-16,15.25833333,7.69583333,0.95833333,20.694625,25.50416667
667,2023-05-15,13.6875,7.29583333,0.47916667,21.32004167,22.1625
668,2023-05-14,13.49565217,8.07391304,0.76956522,19.36191304,32.23478261
669,2023-05-13,15.54583333,8.2875,1.25833333,28.27920833,34.05416667
670,2023-05-12,19.175,10.51666667,0.78333333,27.80170833,27.7125
671,2023-05-11,16.9,7.94583333,1.12916667,26.19116667,31.32380952
672,2023-05-10,16.7375,9.65,0.97916667,25.37491667,26.4125
673,2023-05-09,33.05,20.47916667,0.625,30.82075,31.20833333
674,2023-05-08,28.525,17.96666667,0.42083333,30.402375,31.4125
675,2023-05-07,31.15217391,21.29130435,0.4826087,23.76369565,36.34782609
676,2023-05-06,29.53333333,19.35,0.95416667,29.8365,41.15833333
677,2023-05-05,25.99583333,16.09166667,1.42083333,32.56033333,35.68333333
678,2023-05-04,22.36666667,12.675,2.425,33.38429167,37.25416667
679,2023-05-03,18.59166667,9.85,2.38333333,33.733875,29.0125
680,2023-05-02,14.66666667,7.27916667,1.63333333,27.94558333,32.77692308
681,2023-05-01,11.67916667,5.85833333,1.4,15.46133333,
682,2023-04-30,11.90869565,6.7,0.99130435,21.896,
683,2023-04-29,15.30416667,8.69166667,2.25416667,,
684,2023-04-28,16.89583333,9.8125,1.26666667,27.02447826,11.26666667
685,2023-04-27,15.5875,8.49583333,1.50833333,26.15677273,24.3625
686,2023-04-26,14.82916667,8.25833333,0.92083333,24.26508333,22.25
687,2023-04-25,25.75833333,15.05833333,,25.87188889,28.62173913
688,2023-04-24,21.93333333,12.60833333,,,19.9375
689,2023-04-23,17.4826087,9.76956522,1.5,,20.20869565
690,2023-04-22,17.82083333,11.08333333,2.07916667,28.9204,12.2826087
691,2023-04-21,22.01666667,13.125,1.69166667,30.28291667,15.37916667
692,2023-04-20,23.675,14.11666667,1.5375,33.65270833,14.40416667
693,2023-04-19,19.33333333,10.83333333,0.35833333,30.81458333,23.99444444
694,2023-04-18,14.875,8.64166667,1.53333333,24.72008333,25.06666667
695,2023-04-17,11.625,7.025,0.54583333,25.592625,23.78333333
696,2023-04-16,14.6173913,10.92608696,0.57826087,20.69995652,26.9826087
697,2023-04-15,27.3,18.24583333,1.05416667,29.91575,25.9
698,2023-04-14,24.925,16.03333333,1.67083333,31.91195238,17.73181818
699,2023-04-13,24.86666667,14.5375,0.3875,46.72920833,14.0125
700,2023-04-12,18.8125,11.07083333,1.44583333,32.72616667,18.43333333
701,2023-04-11,21.17916667,12.3875,0.69583333,29.57833333,18.6
702,2023-04-10,18.82105263,11.92105263,0.6,28.41889474,16.08947368
703,2023-04-09,18.77826087,11.25652174,1.1,20.94630435,24.61304348
704,2023-04-08,15.42916667,9.40833333,0.61666667,20.31991667,21.64166667
705,2023-04-07,11.92916667,8.13333333,1.55833333,13.3055,31.1875
706,2023-04-06,25.43333333,16.875,1.44166667,23.80416667,24.12916667
707,2023-04-05,23.32083333,15.275,0.75,30.2665,22.20833333
708,2023-04-04,24.74166667,14.90416667,1.19583333,32.82925,22.20416667
709,2023-04-03,19.52083333,11.77083333,0.62916667,29.640375,25.1
710,2023-04-02,22.48333333,15.60416667,1.0875,29.997375,22.67083333
711,2023-04-01,26.25833333,18.75416667,1.32083333,32.47241667,24.0625
712,2023-03-31,32.10416667,21.47916667,0.49166667,38.13058333,23.40833333
713,2023-03-30,34.27916667,24.425,1.55,37.15875,23.8125
714,2023-03-29,36.525,27.6375,1.80416667,37.86216667,23.36666667
715,2023-03-28,23.48333333,16.64166667,2.3,32.90183333,30.02083333
716,2023-03-27,30.18333333,20.5375,0.8375,34.02858333,27.1125
717,2023-03-26,38.775,28.80833333,1.03333333,32.00195833,29.17083333
718,2023-03-25,37.7,27.74583333,0.81666667,38.107,34.55416667
719,2023-03-24,49.56666667,38.09583333,1.44583333,36.03979167,34.93333333
720,2023-03-23,50.85416667,40.24583333,1.20416667,34.17479167,35.325
721,2023-03-22,44.87083333,34.7,0.84166667,33.38141667,32.61666667
722,2023-03-21,31.52916667,23.32916667,1.2125,28.63154167,30.42916667
723,2023-03-20,27.73333333,19.4,0.85833333,21.49829167,29.52916667
724,2023-03-19,22.97916667,16.8625,1.3875,18.52070833,27.4
725,2023-03-18,24.36666667,14.5875,1.14166667,23.3095,22.95
726,2023-03-17,18.67083333,11.18333333,0.94166667,28.500375,16.40416667
727,2023-03-16,16.79166667,9.9,0.7875,31.33458333,13.93333333
728,2023-03-15,16.6125,10.09166667,0.55416667,30.32195833,16.80833333
729,2023-03-14,17.59583333,9.32916667,2.17083333,33.29425,16.05833333
730,2023-03-13,17.62916667,10.9875,0.40416667,35.82041667,9.02916667
731,2023-03-12,17.3625,12.37916667,1.67916667,36.65679167,14.6875
732,2023-03-11,21.07916667,15.7125,1.16666667,46.65466667,11.58333333
733,2023-03-10,22.875,12.59166667,1.15833333,35.92379167,16.07083333
734,2023-03-09,18.51666667,10.87083333,0.99166667,34.91979167,10.68333333
735,2023-03-08,22.47916667,12.64583333,0.89166667,30.51491667,14.75416667
736,2023-03-07,17.0875,9.48333333,0.525,45.48244444,15.3625
737,2023-03-06,21.44166667,13.8125,0.39230769,,16.84166667
738,2023-03-05,27.7826087,20.6,1.80434783,,22.67391304
739,2023-03-04,41.35833333,32.01666667,1.07083333,,24.0
740,2023-03-03,33.2125,22.62083333,1.1,,31.925
741,2023-03-02,38.70416667,27.21666667,1.6875,,27.48333333
742,2023-03-01,26.64090909,18.78181818,1.50909091,,26.67727273
743,2023-02-28,29.02083333,19.3,1.475,,35.70416667
744,2023-02-27,30.27916667,18.6125,1.94166667,,40.75
745,2023-02-26,37.97391304,26.90434783,1.45294118,47.5182,40.30434783
746,2023-02-25,37.75,25.4125,0.8875,61.68325,37.47083333
747,2023-02-24,36.44583333,24.71666667,1.14166667,61.64633333,30.08333333
748,2023-02-23,28.55416667,19.25416667,1.17083333,38.339625,30.56666667
749,2023-02-22,28.09583333,17.75833333,0.9875,40.45054167,16.25
750,2023-02-21,29.4875,19.98333333,1.39166667,35.32004167,29.24583333
751,2023-02-20,28.0875,16.92916667,2.6,29.99958333,37.34166667
752,2023-02-19,21.37826087,13.36956522,1.02173913,27.99230435,30.60869565
753,2023-02-18,16.0625,8.96666667,2.2875,44.30745833,22.6
754,2023-02-17,26.24583333,17.97083333,2.21666667,50.52566667,16.41666667
755,2023-02-16,25.225,15.84166667,1.13333333,42.35675,10.74583333
756,2023-02-15,16.34583333,10.94166667,0.6625,35.22283333,11.97916667
757,2023-02-14,26.57272727,16.19090909,1.31363636,34.84795455,19.33636364
758,2023-02-13,20.89583333,14.25833333,0.55,29.39558333,19.58333333
759,2023-02-12,26.65833333,17.3875,1.35416667,26.3225,27.64166667
760,2023-02-11,29.5625,18.23333333,3.41666667,52.81745833,25.03333333
761,2023-02-10,40.69166667,27.02916667,1.71111111,40.76858333,25.6625
762,2023-02-09,27.64166667,14.34166667,3.19583333,36.9385,20.9375
763,2023-02-08,28.85416667,15.63333333,1.2,29.493625,16.4625
764,2023-02-07,32.325,19.45416667,1.6625,31.10020833,23.87083333
765,2023-02-06,35.50416667,22.75,0.6875,35.38333333,23.24166667
766,2023-02-05,34.80416667,23.77083333,1.125,23.983125,32.29583333
767,2023-02-04,37.3625,23.45,2.07083333,29.2185,34.95416667
768,2023-02-03,34.6,20.8,1.5375,35.46345833,30.90416667
769,2023-02-02,33.975,20.75833333,1.24166667,35.48883333,29.22083333
770,2023-02-01,33.05,18.54583333,1.73333333,32.624,28.69166667
771,2023-01-31,31.5,16.75416667,1.44166667,33.133,20.65416667
772,2023-01-30,29.74166667,16.4875,1.60416667,37.54095833,28.92916667
773,2023-01-29,27.52083333,16.90833333,1.58333333,37.88525,25.99583333
774,2023-01-28,32.45,18.15833333,1.7,48.65291667,24.37916667
775,2023-01-27,29.6125,16.28333333,2.29166667,41.33054167,25.79583333
776,2023-01-26,26.225,13.27083333,1.05454545,42.91240909,17.1952381
777,2023-01-25,26.5625,14.25,1.27916667,37.59258333,19.2
778,2023-01-24,26.98333333,16.20416667,1.67916667,32.67225,19.5875
779,2023-01-23,28.02083333,17.22916667,1.00833333,32.191125,20.89166667
780,2023-01-22,23.6625,15.14166667,1.2125,26.40020833,20.1
781,2023-01-21,24.125,14.27916667,0.83333333,29.37070833,24.66666667
782,2023-01-20,22.31666667,12.99166667,1.3375,27.87283333,20.95
783,2023-01-19,23.8125,12.85416667,1.92916667,28.42495833,17.90833333
784,2023-01-18,23.38333333,13.025,0.85,29.91825,16.525
785,2023-01-17,20.2375,11.07083333,1.8875,24.78941667,21.2625
786,2023-01-16,14.10434783,7.76956522,0.61304348,19.46486957,18.07826087
787,2023-01-15,16.04166667,9.76666667,1.16666667,17.00479167,18.85
788,2023-01-14,15.225,8.44583333,1.22083333,21.13916667,17.40833333
789,2023-01-13,18.4125,9.5875,0.34166667,24.55175,13.24166667
790,2023-01-12,12.85416667,6.25833333,1.1125,23.612375,13.9875
791,2023-01-11,9.65,4.45,0.925,22.82491667,16.325
792,2023-01-10,7.95833333,4.65,0.825,17.87733333,25.225
793,2023-01-09,12.76521739,8.76086957,1.55217391,11.19713043,22.03043478
794,2023-01-08,16.0826087,10.26086957,1.22608696,14.19678261,19.89130435
795,2023-01-07,20.525,12.77083333,1.3125,19.63270833,19.7875
796,2023-01-06,23.6,13.0375,1.725,23.04675,24.55454545
797,2023-01-05,17.36666667,9.06666667,1.11666667,22.58258333,19.50434783
798,2023-01-04,13.35,7.52916667,0.75833333,20.61491667,15.14166667
799,2023-01-03,10.72916667,6.44166667,1.7375,18.49304167,15.80833333
800,2023-01-02,16.3,10.42083333,0.32916667,22.44391667,13.98333333
801,2023-01-01,12.93913043,9.60869565,2.12173913,11.4623913,27.43043478
802,2022-12-31,25.46521739,15.74347826,0.41304348,21.42208696,27.04090909
803,2022-12-30,23.55416667,15.09166667,1.4375,25.98454167,27.19565217
804,2022-12-29,16.18333333,10.23333333,0.95,25.456125,23.00416667
805,2022-12-28,26.6,15.02083333,1.025,17.037,28.2125
806,2022-12-27,28.37916667,15.45,2.20416667,24.7305,28.0625
807,2022-12-26,26.24545455,13.91818182,1.25,26.69818182,23.6
808,2022-12-25,26.58333333,17.45833333,1.48333333,17.6095,30.24583333
809,2022-12-24,28.65416667,14.42083333,1.875,24.02408333,28.36666667
810,2022-12-23,26.68333333,14.62083333,1.05555556,31.60891667,24.98333333
811,2022-12-22,32.13333333,16.875,1.41666667,31.19483333,25.375
812,2022-12-21,27.30833333,13.5875,1.32105263,28.68720833,26.24166667
813,2022-12-20,27.29166667,14.67916667,1.97083333,27.83866667,25.675
814,2022-12-19,25.025,13.62916667,0.64166667,25.66620833,19.72916667
815,2022-12-18,24.20416667,14.35833333,0.7,19.58634783,21.07272727
816,2022-12-17,22.7875,12.54166667,0.575,27.83683333,24.70833333
817,2022-12-16,23.85416667,13.075,1.5375,31.892125,22.49565217
818,2022-12-15,18.17916667,9.99583333,2.29565217,28.14133333,20.51304348
819,2022-12-14,18.49583333,11.05,1.32,25.56529167,16.64285714
820,2022-12-13,15.69583333,9.64166667,1.75,21.58584211,19.95
821,2022-12-12,19.40416667,11.64583333,1.30833333,25.615,18.45652174
822,2022-12-11,20.51666667,13.04583333,0.91666667,22.55058333,17.54166667
823,2022-12-10,25.34166667,15.09583333,2.4,29.79383333,20.1375
824,2022-12-09,21.24583333,12.46666667,1.3,30.46804167,20.34583333
825,2022-12-08,19.11666667,12.02916667,1.93333333,19.65066667,24.75833333
826,2022-12-07,13.62916667,7.35,1.14583333,22.90275,19.6875
827,2022-12-06,17.60833333,8.9625,1.5,25.22216667,16.30833333
828,2022-12-05,14.6625,7.61666667,0.65416667,19.48979167,18.4375
829,2022-12-04,18.0,9.47083333,1.37083333,18.23029167,21.4826087
830,2022-12-03,13.70833333,7.375,1.27916667,22.84020833,19.71666667
831,2022-12-02,17.82916667,9.38333333,0.94583333,28.11429167,17.81304348
832,2022-12-01,12.83333333,6.4125,2.08695652,24.01183333,11.39166667
833,2022-11-30,11.72916667,6.35416667,0.57142857,20.07245455,10.96190476
834,2022-11-29,10.7625,5.58333333,1.44166667,22.58070588,17.58333333
835,2022-11-28,10.625,5.575,,,20.24166667
836,2022-11-27,15.55416667,9.36666667,,,19.47894737
837,2022-11-26,16.33333333,8.90416667,,,13.45833333
838,2022-11-25,18.71666667,9.42083333,1.34,,14.25
839,2022-11-24,14.9875,7.58333333,0.51666667,,18.63529412
840,2022-11-23,12.4,6.3625,0.82916667,,17.12727273
841,2022-11-22,9.83333333,4.97083333,1.04583333,,16.7625
842,2022-11-21,11.19583333,5.75,1.21666667,,15.88181818
843,2022-11-20,15.24545455,8.68181818,0.80588235,45.28063636,28.30909091
844,2022-11-19,13.97916667,6.64166667,1.22083333,47.9952381,11.16666667
845,2022-11-18,16.54166667,7.8875,0.72083333,28.42895833,7.1375
846,2022-11-17,17.08333333,8.02916667,1.54444444,29.00668182,10.17083333
847,2022-11-16,15.69166667,7.51666667,1.50416667,27.13804167,15.1125
848,2022-11-15,11.44166667,5.0,1.78333333,26.25091667,15.00833333
849,2022-11-14,10.27916667,5.9375,1.95416667,16.70083333,19.7
850,2022-11-13,9.1375,4.975,2.4125,17.62791667,22.99130435
851,2022-11-12,12.30833333,6.64583333,1.825,24.60283333,12.41666667
852,2022-11-11,15.025,8.05,1.54583333,30.52495833,11.02083333
853,2022-11-10,12.97083333,6.4125,2.0625,30.88266667,16.1
854,2022-11-09,12.7875,5.85833333,1.90833333,25.956875,17.0
855,2022-11-08,11.50416667,4.92916667,1.63333333,26.28808333,18.65833333
856,2022-11-07,9.9125,5.00833333,2.02916667,16.609125,19.59166667
857,2022-11-06,9.87083333,5.25833333,1.47083333,16.88204167,17.68333333
858,2022-11-05,11.4375,6.12916667,2.1625,24.76229167,17.25833333
859,2022-11-04,16.6125,9.45,2.62083333,28.34883333,17.07916667
860,2022-11-03,21.47916667,12.84583333,1.75,36.34458333,13.41666667
861,2022-11-02,21.375,11.62916667,1.17916667,39.09179167,16.4125
862,2022-11-01,16.75,9.9625,,38.25914286,12.9
863,2022-10-25,8.55,3.9,1.51666667,21.15783333,5.58333333
864,2022-10-24,12.70833333,5.66666667,0.725,27.37958333,6.02
865,2022-10-23,9.72916667,5.7125,0.76666667,26.31716667,7.43529412
866,2022-10-22,11.99166667,6.44583333,1.4,31.30629167,5.85714286
867,2022-10-21,17.4875,8.07916667,1.575,31.692875,10.13529412
868,2022-10-20,11.82083333,4.55833333,1.15416667,28.448375,5.16315789
869,2022-10-19,11.7,5.28333333,1.94166667,30.58895833,7.165
870,2022-10-18,10.13333333,4.85416667,1.25,28.00735,9.66956522
871,2022-10-17,9.98333333,4.7125,1.6,22.7865,15.36315789
872,2022-10-16,14.13333333,7.1,1.925,23.16408333,13.87368421
873,2022-10-15,16.29166667,9.1,1.275,31.324375,13.44
874,2022-10-14,16.175,8.79166667,2.0625,31.14666667,17.05
875,2022-10-13,18.62727273,9.88636364,1.81818182,38.76981818,12.47857143
876,2022-10-12,17.97916667,9.17916667,1.175,,11.60526316
877,2022-10-11,16.30833333,7.10416667,1.55454545,38.69411111,10.40454545
878,2022-10-10,11.05833333,4.5875,2.19166667,33.77779167,12.37083333
879,2022-10-09,11.96086957,6.96086957,0.86521739,33.0143913,10.14347826
880,2022-10-08,13.3,7.85833333,1.74166667,33.777625,12.975
881,2022-10-07,15.8625,8.44583333,1.2625,35.361,14.51666667
882,2022-10-06,11.8875,6.27916667,1.5625,35.97466667,9.21666667
883,2022-10-05,12.17916667,6.4375,1.75416667,36.15729167,12.58333333
884,2022-10-04,14.14583333,7.36666667,1.24583333,35.78929167,15.22916667
885,2022-10-03,15.25416667,7.925,0.90416667,40.03229167,11.875
886,2022-10-02,10.86521739,5.87391304,0.57826087,33.76095652,14.13913043
887,2022-10-01,11.2625,6.22083333,1.37916667,39.43379167,10.79583333
888,2022-09-30,14.15,8.16666667,1.82916667,42.55170833,13.84583333
889,2022-09-29,8.97916667,4.03333333,1.62,36.881125,18.90952381
890,2022-09-28,12.52083333,6.675,3.56666667,42.31708333,11.6875
891,2022-09-27,14.8,7.85,1.11666667,41.66966667,12.89583333
892,2022-09-26,15.15416667,8.14583333,1.40833333,42.00366667,10.09583333
893,2022-09-25,11.80895652,6.23117391,1.84834783,36.73826087,15.909
894,2022-09-24,11.90516667,6.14033333,1.67066667,42.56504167,9.11933333
895,2022-09-23,15.11566667,8.29216667,1.83608333,38.80665,14.82395833
896,2022-09-22,12.84175,5.76616667,1.65204167,40.16329167,8.55020833
897,2022-09-21,12.55070833,5.893125,1.67075,38.77970833,5.84654167
898,2022-09-20,14.69379167,7.396,1.35508333,41.794875,8.54958333
899,2022-09-19,7.89866667,3.42575,0.61608333,34.612875,10.81920833
900,2022-09-18,9.2056087,4.8413913,2.25334783,32.21565217,11.74452174
901,2022-09-17,13.13041667,6.70354167,1.51325,35.9465,9.32041667
902,2022-09-16,16.21408333,8.68145833,1.36016667,34.79,11.04954167
903,2022-09-15,15.09420833,7.75266667,1.78558333,34.63958333,11.39779167
904,2022-09-14,11.09175,4.66925,0.70173333,34.11628571,9.62786957
905,2022-09-13,9.66466667,4.90152381,1.36808333,,7.1304
906,2022-09-12,12.30895238,6.06680952,1.40795238,,6.83052381
907,2022-09-11,14.02347826,8.27065217,2.1113913,,11.56582609
908,2022-09-10,17.63083333,10.03133333,1.82925,,11.875875
909,2022-09-09,19.03583333,11.65825,2.13045833,,12.70183333
910,2022-09-08,19.49554167,13.29054167,1.36433333,,10.26316667
911,2022-09-07,23.28058333,16.85370833,1.929875,,9.895625
912,2022-09-06,26.36183333,19.491875,1.96441667,,8.21979167
913,2022-09-05,14.18991667,8.057,1.49666667,,5.8875
914,2022-09-04,10.80604348,5.44030435,0.95826087,,
915,2022-09-03,16.84566667,8.497875,1.531,,
916,2022-09-02,15.81004167,8.73016667,1.55714286,,
917,2022-09-01,10.35416667,5.45,0.89166667,,
918,2022-08-31,14.85833333,8.42083333,1.10416667,,9.52083333
919,2022-08-30,16.21666667,8.63333333,1.69583333,,11.18333333
920,2022-08-29,17.875,11.425,0.47916667,,7.875
921,2022-08-28,12.74166667,8.48333333,1.19583333,,11.525
922,2022-08-27,18.975,11.0,1.5125,,8.0375
923,2022-08-26,21.69166667,13.9125,2.85,,5.32083333
924,2022-08-25,20.37083333,12.4875,1.79583333,,5.9375
925,2022-08-24,19.9625,12.4875,2.25833333,,7.21666667
926,2022-08-23,14.31666667,7.94583333,1.39583333,,6.85
927,2022-08-22,12.84583333,6.76666667,1.10416667,,5.84583333
928,2022-08-21,12.3375,6.8,1.18333333,,6.2
929,2022-08-20,27.00833333,14.4125,0.58333333,,6.8
930,2022-08-19,29.86666667,15.19583333,2.42916667,,10.74166667
931,2022-08-18,18.425,8.41666667,2.04166667,,7.52916667
932,2022-08-17,11.3125,4.42916667,1.56666667,,6.3625
933,2022-08-16,8.39166667,3.6375,0.3375,,6.16666667
934,2022-08-15,11.1875,5.2,0.4875,,8.79583333
935,2022-08-14,13.7,8.72916667,1.52916667,,8.62083333
936,2022-08-13,15.47916667,8.37916667,1.42083333,,10.04166667
937,2022-08-12,13.04583333,6.95833333,1.09583333,,11.1875
938,2022-08-11,13.3625,6.8,0.45217391,,9.55833333
939,2022-08-10,14.29166667,6.52083333,1.04545455,,10.0
940,2022-08-09,15.54166667,7.975,0.875,,11.125
941,2022-08-08,12.94583333,6.64583333,0.68333333,,11.93333333
942,2022-08-07,14.22083333,8.15833333,1.0375,,11.1875
943,2022-08-06,10.79583333,6.47916667,0.37916667,,6.075
944,2022-08-05,13.34166667,6.775,1.25833333,,6.45416667
945,2022-08-04,13.12083333,6.07916667,1.56956522,,9.2
946,2022-08-03,12.325,6.09166667,1.19230769,,8.02916667
947,2022-08-02,15.55,8.24166667,1.14583333,,9.66666667
948,2022-08-01,14.73333333,8.775,0.5375,,5.32083333
949,2022-07-31,14.225,8.22916667,1.39583333,,
950,2022-07-30,11.7125,5.46666667,1.25,,
951,2022-07-29,12.2,5.22916667,0.72083333,,
952,2022-07-28,10.9,5.45416667,0.90416667,,
953,2022-07-27,12.14583333,5.60833333,0.62608696,,6.27857143
954,2022-07-26,10.00833333,4.8,0.81538462,,6.35833333
955,2022-07-25,16.35,9.1375,0.4875,,8.02083333
956,2022-07-24,13.85833333,7.0875,1.425,,10.88333333
957,2022-07-23,14.32916667,7.33333333,0.59166667,,8.675
958,2022-07-22,16.10416667,9.00416667,0.96666667,,5.16666667
959,2022-07-21,13.5375,7.75,0.57916667,,8.45
960,2022-07-20,13.5875,7.50416667,0.84166667,,10.32083333
961,2022-07-19,11.86666667,5.05833333,0.36666667,,10.37083333
962,2022-07-18,11.20833333,5.5125,0.475,,8.65833333
963,2022-07-17,21.5375,11.60416667,0.93333333,,12.49583333
964,2022-07-16,27.04166667,12.90833333,1.24583333,,11.6625
965,2022-07-15,24.18333333,11.94166667,1.39166667,,12.33333333
966,2022-07-14,16.225,6.94166667,0.8375,,9.8375
967,2022-07-13,13.475,7.03333333,0.8125,,7.5
968,2022-07-12,12.6875,5.97916667,1.67916667,,11.47083333
969,2022-07-11,10.64166667,5.74583333,0.5125,,6.5
970,2022-07-10,15.2375,9.2125,1.43333333,,
971,2022-07-09,16.61666667,9.35416667,1.27083333,,
972,2022-07-08,14.6,8.07083333,1.5,,4.3
973,2022-07-07,13.83333333,6.51666667,1.2875,,9.26666667
974,2022-07-06,14.76666667,6.5,0.42916667,,6.90833333
975,2022-07-05,12.85833333,6.62083333,0.6375,,9.14545455
976,2022-07-04,13.05833333,7.50833333,0.55,,
977,2022-07-03,10.725,6.12916667,0.75909091,,10.25
978,2022-07-02,12.34166667,5.94166667,1.0,,9.0125
979,2022-07-01,11.86666667,6.4875,0.72608696,,7.05416667
980,2022-06-30,13.60869565,6.13043478,1.16086957,,7.12173913
981,2022-06-29,12.725,5.54583333,0.87272727,,7.4375
982,2022-06-28,11.925,5.09166667,0.80416667,,9.06666667
983,2022-06-27,9.53333333,4.98333333,0.40833333,,8.28333333
984,2022-06-26,7.775,4.22083333,0.61666667,,7.49583333
985,2022-06-25,17.50833333,10.24583333,0.36666667,,8.35
986,2022-06-24,13.90833333,8.1375,0.4125,,7.5375
987,2022-06-23,14.77083333,7.80416667,0.36666667,,9.175
988,2022-06-22,12.47083333,6.12916667,0.8,,16.45714286
989,2022-06-21,15.14166667,7.27083333,1.36666667,,
990,2022-06-20,10.40833333,4.58333333,0.96666667,,3.95
991,2022-06-19,9.18333333,4.92083333,0.3875,,6.43333333
992,2022-06-18,18.66666667,10.70833333,0.74583333,,7.5625
993,2022-06-17,13.4125,7.7625,0.54583333,,5.08333333
994,2022-06-16,12.8375,5.8,0.87916667,,7.88333333
995,2022-06-15,14.3875,7.0125,0.87083333,,5.99166667
996,2022-06-14,12.44,5.805,0.85,,5.89473684
997,2022-06-13,12.85454545,5.6,0.78181818,,8.03181818
998,2022-06-12,15.07916667,8.975,0.70833333,,9.85833333
999,2022-06-11,19.7125,10.725,1.1875,,9.77083333
1000,2022-06-10,22.58333333,12.42083333,0.44166667,,9.0375
1001,2022-06-09,15.72083333,8.53333333,1.15,,7.5875
1002,2022-06-08,14.19583333,7.82083333,1.91666667,,9.13333333
1003,2022-06-07,14.65,7.15833333,1.82916667,,7.85
1004,2022-06-06,15.17083333,6.94583333,0.50833333,,7.67916667
1005,2022-06-05,15.9875,9.96666667,1.21666667,,4.1
1006,2022-06-04,12.50416667,7.47083333,0.9375,,7.91578947
1007,2022-06-03,14.75416667,7.89583333,0.51052632,,4.92272727
1008,2022-06-02,14.34583333,7.27083333,,,7.92608696
1009,2022-06-01,14.51666667,7.00833333,,,4.29583333
1010,2022-05-31,13.41666667,6.5375,0.275,,1.2125
1011,2022-05-30,14.39583333,7.62916667,0.4,,1.71666667
1012,2022-05-29,12.64583333,7.2875,0.7,,1.57083333
1013,2022-05-28,18.0,10.40833333,0.7625,,1.71666667
1014,2022-05-27,17.5625,9.47083333,0.52307692,,1.225
1015,2022-05-26,18.57083333,9.32083333,0.46,,1.19565217
1016,2022-05-25,21.65,11.02916667,0.69545455,,1.125
1017,2022-05-24,24.55416667,11.98333333,0.425,,3.29166667
1018,2022-05-23,29.59583333,13.79583333,1.07083333,,6.44583333
1019,2022-05-22,25.49583333,13.62083333,0.2375,,6.325
1020,2022-05-21,19.8125,11.27083333,0.3,,2.63333333
1021,2022-05-20,13.6375,6.6375,0.56666667,,3.65833333
1022,2022-05-19,12.46666667,5.49583333,0.86666667,,2.75
1023,2022-05-18,10.30833333,5.05,1.96,,6.66666667
1024,2022-05-17,14.94166667,8.77083333,0.65416667,,8.41052632
1025,2022-05-16,14.3375,7.29166667,0.80416667,,7.51666667
1026,2022-05-15,17.13333333,9.47083333,1.41666667,,7.99166667
1027,2022-05-14,14.04583333,8.39166667,1.32083333,,2.07142857
1028,2022-05-13,19.07916667,11.18333333,0.7875,,8.55416667
1029,2022-05-12,14.975,8.23333333,1.39583333,,7.875
1030,2022-05-11,10.05833333,4.57083333,0.71428571,,9.40555556
1031,2022-05-10,14.23333333,6.80416667,1.6,,
1032,2022-05-09,14.17083333,6.47916667,1.85833333,,16.61818182
1033,2022-05-08,13.05416667,6.60833333,0.65294118,,
1034,2022-05-07,17.39583333,9.5625,0.69166667,,2.2047619
1035,2022-05-06,15.6125,9.4,1.45416667,,3.5625
1036,2022-05-05,18.12142857,10.75714286,2.93888889,,6.42916667
1037,2022-04-30,24.09130435,16.9,1.20434783,,5.93043478
1038,2022-04-29,18.525,10.60416667,0.7375,,8.39583333
1039,2022-04-28,20.55416667,13.825,1.125,,5.69166667
1040,2022-04-27,18.0125,10.39583333,1.62916667,,10.4375
1041,2022-04-26,15.9125,8.59166667,0.76666667,,9.1
1042,2022-04-25,20.85416667,10.5875,0.60909091,,4.51666667
1043,2022-04-24,16.94166667,10.3375,0.51428571,,7.35
1044,2022-04-23,14.575,7.09583333,0.82083333,,7.92083333
1045,2022-04-22,9.25,5.17916667,1.24166667,,7.60833333
1046,2022-04-21,12.28333333,6.84166667,0.53,,3.49545455
1047,2022-04-20,16.43333333,8.175,0.56,,0.0
1048,2022-04-19,15.6125,9.80416667,0.63529412,,0.71904762
1049,2022-04-18,18.92916667,10.04583333,0.92,,2.51818182
1050,2022-04-17,15.65833333,10.1125,0.15714286,,2.22916667
1051,2022-04-16,30.80416667,19.55,0.8375,,2.92083333
1052,2022-04-15,28.88333333,20.00833333,0.38421053,,4.4375
1053,2022-04-14,33.35,22.7125,0.66521739,,5.2625
1054,2022-04-13,27.4875,16.86666667,0.44285714,,4.53333333
1055,2022-04-12,28.24166667,17.60416667,0.6625,,4.1625
1056,2022-04-11,23.34166667,14.15833333,0.4625,,5.1625
1057,2022-04-10,15.35,9.4,0.64347826,,3.3
1058,2022-04-09,21.5375,12.1875,0.94615385,,3.01666667
1059,2022-04-08,23.1625,12.62916667,0.8,,1.32916667
1060,2022-04-07,16.96666667,9.84166667,0.98947368,21.16428571,3.06666667
1061,2022-04-06,24.02083333,14.85833333,0.60833333,18.36666667,10.07083333
1062,2022-04-05,19.15833333,11.375,1.24166667,15.90833333,10.275
1063,2022-04-04,11.8375,6.9,0.07272727,15.3375,12.5625
1064,2022-04-03,20.35416667,13.14583333,0.9875,14.29166667,11.78333333
1065,2022-04-02,25.24166667,15.99583333,1.37083333,16.31666667,9.7875
1066,2022-04-01,15.68333333,10.36666667,0.9047619,14.4125,7.34782609
1067,2022-03-31,19.52608696,10.35217391,1.16086957,17.12608696,11.56956522
1068,2022-03-30,16.12916667,8.85,1.12916667,16.875,10.33333333
1069,2022-03-29,19.88333333,12.8,1.45833333,17.17083333,10.2625
1070,2022-03-28,21.24166667,13.49166667,1.02083333,19.23333333,8.23333333
1071,2022-03-27,24.30833333,17.74583333,0.325,14.94583333,9.48333333
1072,2022-03-26,27.34166667,20.5,0.50833333,17.17083333,12.37083333
1073,2022-03-25,30.425,22.4375,2.72916667,18.77916667,14.78333333
1074,2022-03-24,25.88235294,19.03888889,0.87,18.34736842,9.70952381
1075,2022-03-23,36.76666667,25.20833333,1.67083333,19.89166667,15.81666667
1076,2022-03-22,32.01666667,23.39166667,0.9625,18.56666667,9.69583333
1077,2022-03-21,29.1,22.06666667,1.56666667,14.22083333,11.75
1078,2022-03-20,38.49166667,30.41666667,1.14166667,16.26666667,11.72083333
1079,2022-03-19,40.98333333,29.41666667,0.89583333,19.29583333,13.72083333
1080,2022-03-18,40.65833333,29.6,0.89583333,22.825,10.03333333
1081,2022-03-17,29.79583333,21.75416667,0.2625,20.19166667,12.40833333
1082,2022-03-16,22.90416667,14.60416667,1.7125,18.5875,11.00833333
1083,2022-03-15,13.79583333,7.1625,1.27916667,17.40833333,7.33333333
1084,2022-03-14,19.52083333,11.625,0.55,20.0,8.18333333
1085,2022-03-13,17.70416667,11.7875,1.28333333,13.65416667,11.85416667
1086,2022-03-12,30.78333333,20.53333333,1.0625,20.1125,12.325
1087,2022-03-11,29.13333333,19.5875,1.8375,20.05416667,
1088,2022-03-10,30.37916667,18.6625,2.57142857,20.91363636,
1089,2022-03-09,21.74583333,12.93333333,1.1125,18.4125,12.065
1090,2022-03-08,18.85833333,9.85,0.6625,17.0875,9.65
1091,2022-03-07,12.6625,6.05416667,1.07916667,15.63333333,7.97083333
1092,2022-03-06,12.69166667,7.67083333,0.8,13.91666667,8.98333333
1093,2022-03-05,18.07083333,10.16666667,1.36666667,16.025,8.76666667
1094,2022-03-04,21.70833333,11.09583333,1.53333333,18.38333333,6.13333333
1095,2022-03-03,15.85416667,8.49166667,0.87083333,15.86666667,6.67083333
1096,2022-03-02,13.30833333,7.375,0.7,15.76666667,8.2875
1097,2022-03-01,17.20833333,9.4875,0.19166667,17.0,9.80833333
1098,2022-02-28,14.20434783,9.10869565,0.5952381,17.4173913,
1099,2022-02-27,26.90416667,20.51666667,0.85,17.15,
1100,2022-02-26,37.3125,23.875,1.89166667,18.95416667,
1101,2022-02-25,42.54583333,26.66666667,1.6125,18.90833333,
1102,2022-02-24,38.3125,26.33333333,1.1,18.62083333,
1103,2022-02-23,33.075,22.02916667,1.2375,18.53333333,
1104,2022-02-22,30.52083333,18.06666667,1.22916667,19.725,
1105,2022-02-21,23.94166667,13.8625,0.89545455,17.2375,
1106,2022-02-20,22.86666667,13.8375,1.15416667,13.22083333,
1107,2022-02-19,27.00833333,16.5875,0.91666667,16.55,
1108,2022-02-18,39.975,24.6875,1.05217391,18.25833333,
1109,2022-02-17,34.6875,22.22083333,1.97083333,19.04583333,
1110,2022-02-16,28.79166667,16.725,1.85,17.72916667,
1111,2022-02-15,23.34583333,15.04583333,2.81304348,18.17916667,
1112,2022-02-14,20.32083333,13.62083333,1.38333333,18.03333333,
1113,2022-02-13,22.68333333,15.03333333,1.52083333,13.95416667,
1114,2022-02-12,27.47083333,16.5625,1.52916667,19.37083333,
1115,2022-02-11,20.77083333,11.51666667,1.4125,18.9,
1116,2022-02-10,19.87916667,9.00416667,1.31666667,16.19166667,
1117,2022-02-09,19.92916667,10.76666667,1.425,17.525,
1118,2022-02-08,15.97916667,10.10416667,0.72916667,16.9875,
1119,2022-02-07,16.7,11.975,1.02083333,16.00416667,
1120,2022-02-06,19.59583333,13.92083333,1.0875,13.32083333,
1121,2022-02-05,27.03333333,18.09583333,0.93333333,16.8375,
1122,2022-02-04,30.9875,20.975,0.64444444,18.7625,
1123,2022-02-03,30.35416667,18.375,0.96521739,18.24583333,
1124,2022-02-02,24.58333333,14.6625,1.7375,18.70416667,
1125,2022-02-01,19.32916667,11.1125,1.1875,16.1125,
1126,2022-01-31,18.6375,10.90416667,0.95833333,15.0875,
1127,2022-01-30,19.7,12.20416667,0.725,12.20833333,
1128,2022-01-29,20.23333333,13.30833333,1.3375,13.39166667,
1129,2022-01-28,24.625,15.08333333,0.8,16.52083333,
1130,2022-01-27,23.7,14.4,1.6,15.175,
1131,2022-01-26,21.32916667,13.15833333,1.02916667,13.025,
1132,2022-01-25,23.4,14.09583333,0.875,14.1375,
1133,2022-01-24,23.56666667,14.33333333,0.6875,13.54583333,
1134,2022-01-23,22.81666667,13.78333333,1.225,11.875,
1135,2022-01-22,25.20416667,14.775,0.65,10.95,
1136,2022-01-21,26.875,15.56666667,0.88333333,12.09166667,
1137,2022-01-20,24.31666667,14.13333333,0.76923077,12.52083333,
1138,2022-01-19,24.475,14.74583333,0.84705882,11.33333333,
1139,2022-01-18,21.25416667,13.50833333,0.48181818,10.25833333,
1140,2022-01-17,24.04583333,14.84583333,0.68,10.4125,
1141,2022-01-16,17.14166667,11.34166667,0.38181818,9.27083333,
1142,2022-01-15,20.0875,12.1875,0.79230769,10.9,
1143,2022-01-14,15.95,9.29166667,1.15,11.4625,
1144,2022-01-13,20.825,11.42083333,1.00833333,14.72916667,
1145,2022-01-12,21.44166667,12.15416667,0.7375,14.0,
1146,2022-01-11,20.6125,12.61666667,1.2375,12.7875,
1147,2022-01-10,24.12916667,15.25833333,1.48333333,11.51666667,
1148,2022-01-09,26.99166667,17.78333333,1.07916667,13.0875,
1149,2022-01-08,29.84166667,19.25,0.57894737,16.74583333,
1150,2022-01-07,31.17916667,19.51666667,0.76956522,18.25833333,
1151,2022-01-06,24.5375,13.78333333,1.12083333,15.9875,
1152,2022-01-05,21.775,12.4125,0.72173913,16.39166667,
1153,2022-01-04,22.95833333,12.625,0.5375,14.54583333,
1154,2022-01-03,21.12083333,12.30416667,0.37222222,13.64166667,
1155,2022-01-02,19.5375,12.15416667,1.0875,9.56666667,
1156,2022-01-01,23.87083333,16.50833333,1.10833333,10.00416667,
1157,2021-12-31,21.25416667,12.89166667,1.12083333,12.5875,
1158,2021-12-30,16.1,8.37916667,0.53333333,14.62916667,
1159,2021-12-29,15.27916667,8.025,0.37894737,13.6,
1160,2021-12-28,17.7125,9.23333333,0.76153846,13.45,
1161,2021-12-27,15.8125,8.1375,1.05833333,13.96666667,
1162,2021-12-26,14.325,8.04166667,1.29166667,10.19166667,
1163,2021-12-25,19.12083333,13.10416667,0.87916667,10.04583333,
1164,2021-12-24,17.55833333,10.95833333,0.67916667,12.32916667,
1165,2021-12-23,11.35416667,7.59583333,0.43913043,12.97916667,
1166,2021-12-22,10.87083333,6.58333333,0.75833333,10.96666667,
1167,2021-12-21,14.175,8.65416667,1.6125,9.2125,
1168,2021-12-20,16.73333333,10.04583333,0.85,10.07083333,
1169,2021-12-19,19.9875,9.99583333,0.93333333,11.12083333,
1170,2021-12-18,17.84166667,10.10416667,1.42916667,12.8875,
1171,2021-12-17,20.36666667,11.17083333,1.4875,15.4,
1172,2021-12-16,21.05416667,11.24166667,1.07916667,16.13333333,
1173,2021-12-15,21.525,13.1125,0.925,17.10833333,
1174,2021-12-14,19.975,11.14166667,1.6375,17.52916667,
1175,2021-12-13,15.14583333,8.6,0.43043478,14.3125,
1176,2021-12-12,15.79166667,8.61666667,1.40416667,11.13333333,
1177,2021-12-11,18.47916667,9.8625,0.89583333,12.99583333,
1178,2021-12-10,23.40416667,12.77916667,0.65416667,14.1875,
1179,2021-12-09,25.55416667,13.7125,0.85,16.0,
1180,2021-12-08,23.2375,14.11666667,0.71666667,13.95,
1181,2021-12-07,25.2375,14.05416667,1.54166667,16.39166667,
1182,2021-12-06,20.82916667,10.77083333,0.675,14.8,
1183,2021-12-05,19.55416667,11.12916667,1.4125,13.09583333,
1184,2021-12-04,21.27083333,11.3875,1.9125,16.14166667,
1185,2021-12-03,18.76666667,9.60416667,1.25416667,17.175,
1186,2021-12-02,18.87083333,8.575,1.15,16.25416667,
1187,2021-12-01,10.84583333,5.225,1.05833333,13.14583333,
1188,2022-05-04,,,1.97083333,,11.55217391
1189,2022-05-03,,,1.04166667,,10.27916667
1190,2022-05-02,,,0.90416667,,7.3
1191,2022-05-01,,,0.13333333,,8.03333333
1192,2025-01-08,,,,17.25,
1193,2024-12-02,,,,34.05130435,
